[2026-08-27 10:04:40] local.ERROR: Maximum execution time of 60 seconds exceeded {"exception":"[object] (Symfony\\Component\\ErrorHandler\\Error\\FatalError(code: 0): Maximum execution time of 60 seconds exceeded at C:/laragon/www/DEFEXSNAP-BACKED-defectguru/vendor/laravel/framework/src/Illuminate/Foundation/Http/Events/RequestHandled.php:34)
[stacktrace]
#0 {main}
"} 
[2026-08-27 17:09:43] local.ERROR: Method Illuminate\Validation\Validator::validate01977337738 does not exist. {"userId":1,"exception":"[object] (BadMethodCallException(code: 0): Method Illuminate\\Validation\\Validator::validate01977337738 does not exist. at C:/laragon/www/DEFEXSNAP-BACKED-defectguru/vendor/laravel/framework/src/Illuminate/Validation/Validator.php:1646)
[stacktrace]
#0 C:/laragon/www/DEFEXSNAP-BACKED-defectguru/vendor/laravel/framework/src/Illuminate/Validation/Validator.php(660): Illuminate/Validation/Validator->__call('validate0197733...', Array)
#1 C:/laragon/www/DEFEXSNAP-BACKED-defectguru/vendor/laravel/framework/src/Illuminate/Validation/Validator.php(459): Illuminate/Validation/Validator->validateAttribute('cus_no', '01977337738')
#2 C:/laragon/www/DEFEXSNAP-BACKED-defectguru/vendor/laravel/framework/src/Illuminate/Validation/Validator.php(494): Illuminate/Validation/Validator->passes()
#3 C:/laragon/www/DEFEXSNAP-BACKED-defectguru/vendor/laravel/framework/src/Illuminate/Validation/Validator.php(536): Illuminate/Validation/Validator->fails()
#4 C:/laragon/www/DEFEXSNAP-BACKED-defectguru/vendor/laravel/framework/src/Illuminate/Foundation/Providers/FoundationServiceProvider.php(124): Illuminate/Validation/Validator->validate()
#5 C:/laragon/www/DEFEXSNAP-BACKED-defectguru/vendor/laravel/framework/src/Illuminate/Macroable/Traits/Macroable.php(123): Illuminate/Http/Request->Illuminate/Foundation/Providers/{closure}(Array)
#6 C:/laragon/www/DEFEXSNAP-BACKED-defectguru/app/Http/Controllers/InspectionController.php(44): Illuminate/Http/Request->__call('validate', Array)
#7 C:/laragon/www/DEFEXSNAP-BACKED-defectguru/vendor/laravel/framework/src/Illuminate/Routing/Controller.php(54): App/Http/Controllers/InspectionController->store(Object(Illuminate/Http/Request))
#8 C:/laragon/www/DEFEXSNAP-BACKED-defectguru/vendor/laravel/framework/src/Illuminate/Routing/ControllerDispatcher.php(43): Illuminate/Routing/Controller->callAction('store', Array)
#9 C:/laragon/www/DEFEXSNAP-BACKED-defectguru/vendor/laravel/framework/src/Illuminate/Routing/Route.php(260): Illuminate/Routing/ControllerDispatcher->dispatch(Object(Illuminate/Routing/Route), Object(App/Http/Controllers/InspectionController), 'store')
#10 C:/laragon/www/DEFEXSNAP-BACKED-defectguru/vendor/laravel/framework/src/Illuminate/Routing/Route.php(205): Illuminate/Routing/Route->runController()
#11 C:/laragon/www/DEFEXSNAP-BACKED-defectguru/vendor/laravel/framework/src/Illuminate/Routing/Router.php(806): Illuminate/Routing/Route->run()
#12 C:/laragon/www/DEFEXSNAP-BACKED-defectguru/vendor/laravel/framework/src/Illuminate/Pipeline/Pipeline.php(144): Illuminate/Routing/Router->Illuminate/Routing/{closure}(Object(Illuminate/Http/Request))
#13 C:/laragon/www/DEFEXSNAP-BACKED-defectguru/vendor/laravel/framework/src/Illuminate/Routing/Middleware/SubstituteBindings.php(50): Illuminate/Pipeline/Pipeline->Illuminate/Pipeline/{closure}(Object(Illuminate/Http/Request))
#14 C:/laragon/www/DEFEXSNAP-BACKED-defectguru/vendor/laravel/framework/src/Illuminate/Pipeline/Pipeline.php(183): Illuminate/Routing/Middleware/SubstituteBindings->handle(Object(Illuminate/Http/Request), Object(Closure))
#15 C:/laragon/www/DEFEXSNAP-BACKED-defectguru/vendor/laravel/framework/src/Illuminate/Auth/Middleware/Authenticate.php(57): Illuminate/Pipeline/Pipeline->Illuminate/Pipeline/{closure}(Object(Illuminate/Http/Request))
#16 C:/laragon/www/DEFEXSNAP-BACKED-defectguru/vendor/laravel/framework/src/Illuminate/Pipeline/Pipeline.php(183): Illuminate/Auth/Middleware/Authenticate->handle(Object(Illuminate/Http/Request), Object(Closure))
#17 C:/laragon/www/DEFEXSNAP-BACKED-defectguru/vendor/laravel/framework/src/Illuminate/Foundation/Http/Middleware/VerifyCsrfToken.php(78): Illuminate/Pipeline/Pipeline->Illuminate/Pipeline/{closure}(Object(Illuminate/Http/Request))
#18 C:/laragon/www/DEFEXSNAP-BACKED-defectguru/vendor/laravel/framework/src/Illuminate/Pipeline/Pipeline.php(183): Illuminate/Foundation/Http/Middleware/VerifyCsrfToken->handle(Object(Illuminate/Http/Request), Object(Closure))
#19 C:/laragon/www/DEFEXSNAP-BACKED-defectguru/vendor/laravel/framework/src/Illuminate/View/Middleware/ShareErrorsFromSession.php(49): Illuminate/Pipeline/Pipeline->Illuminate/Pipeline/{closure}(Object(Illuminate/Http/Request))
#20 C:/laragon/www/DEFEXSNAP-BACKED-defectguru/vendor/laravel/framework/src/Illuminate/Pipeline/Pipeline.php(183): Illuminate/View/Middleware/ShareErrorsFromSession->handle(Object(Illuminate/Http/Request), Object(Closure))
#21 C:/laragon/www/DEFEXSNAP-BACKED-defectguru/vendor/laravel/framework/src/Illuminate/Session/Middleware/StartSession.php(121): Illuminate/Pipeline/Pipeline->Illuminate/Pipeline/{closure}(Object(Illuminate/Http/Request))
#22 C:/laragon/www/DEFEXSNAP-BACKED-defectguru/vendor/laravel/framework/src/Illuminate/Session/Middleware/StartSession.php(64): Illuminate/Session/Middleware/StartSession->handleStatefulRequest(Object(Illuminate/Http/Request), Object(Illuminate/Session/Store), Object(Closure))
#23 C:/laragon/www/DEFEXSNAP-BACKED-defectguru/vendor/laravel/framework/src/Illuminate/Pipeline/Pipeline.php(183): Illuminate/Session/Middleware/StartSession->handle(Object(Illuminate/Http/Request), Object(Closure))
#24 C:/laragon/www/DEFEXSNAP-BACKED-defectguru/vendor/laravel/framework/src/Illuminate/Cookie/Middleware/AddQueuedCookiesToResponse.php(37): Illuminate/Pipeline/Pipeline->Illuminate/Pipeline/{closure}(Object(Illuminate/Http/Request))
#25 C:/laragon/www/DEFEXSNAP-BACKED-defectguru/vendor/laravel/framework/src/Illuminate/Pipeline/Pipeline.php(183): Illuminate/Cookie/Middleware/AddQueuedCookiesToResponse->handle(Object(Illuminate/Http/Request), Object(Closure))
#26 C:/laragon/www/DEFEXSNAP-BACKED-defectguru/vendor/laravel/framework/src/Illuminate/Cookie/Middleware/EncryptCookies.php(67): Illuminate/Pipeline/Pipeline->Illuminate/Pipeline/{closure}(Object(Illuminate/Http/Request))
#27 C:/laragon/www/DEFEXSNAP-BACKED-defectguru/vendor/laravel/framework/src/Illuminate/Pipeline/Pipeline.php(183): Illuminate/Cookie/Middleware/EncryptCookies->handle(Object(Illuminate/Http/Request), Object(Closure))
#28 C:/laragon/www/DEFEXSNAP-BACKED-defectguru/vendor/laravel/framework/src/Illuminate/Pipeline/Pipeline.php(119): Illuminate/Pipeline/Pipeline->Illuminate/Pipeline/{closure}(Object(Illuminate/Http/Request))
#29 C:/laragon/www/DEFEXSNAP-BACKED-defectguru/vendor/laravel/framework/src/Illuminate/Routing/Router.php(807): Illuminate/Pipeline/Pipeline->then(Object(Closure))
#30 C:/laragon/www/DEFEXSNAP-BACKED-defectguru/vendor/laravel/framework/src/Illuminate/Routing/Router.php(784): Illuminate/Routing/Router->runRouteWithinStack(Object(Illuminate/Routing/Route), Object(Illuminate/Http/Request))
#31 C:/laragon/www/DEFEXSNAP-BACKED-defectguru/vendor/laravel/framework/src/Illuminate/Routing/Router.php(748): Illuminate/Routing/Router->runRoute(Object(Illuminate/Http/Request), Object(Illuminate/Routing/Route))
#32 C:/laragon/www/DEFEXSNAP-BACKED-defectguru/vendor/laravel/framework/src/Illuminate/Routing/Router.php(737): Illuminate/Routing/Router->dispatchToRoute(Object(Illuminate/Http/Request))
#33 C:/laragon/www/DEFEXSNAP-BACKED-defectguru/vendor/laravel/framework/src/Illuminate/Foundation/Http/Kernel.php(200): Illuminate/Routing/Router->dispatch(Object(Illuminate/Http/Request))
#34 C:/laragon/www/DEFEXSNAP-BACKED-defectguru/vendor/laravel/framework/src/Illuminate/Pipeline/Pipeline.php(144): Illuminate/Foundation/Http/Kernel->Illuminate/Foundation/Http/{closure}(Object(Illuminate/Http/Request))
#35 C:/laragon/www/DEFEXSNAP-BACKED-defectguru/vendor/livewire/livewire/src/Features/SupportDisablingBackButtonCache/DisableBackButtonCacheMiddleware.php(19): Illuminate/Pipeline/Pipeline->Illuminate/Pipeline/{closure}(Object(Illuminate/Http/Request))
#36 C:/laragon/www/DEFEXSNAP-BACKED-defectguru/vendor/laravel/framework/src/Illuminate/Pipeline/Pipeline.php(183): Livewire/Features/SupportDisablingBackButtonCache/DisableBackButtonCacheMiddleware->handle(Object(Illuminate/Http/Request), Object(Closure))
#37 C:/laragon/www/DEFEXSNAP-BACKED-defectguru/vendor/laravel/framework/src/Illuminate/Foundation/Http/Middleware/TransformsRequest.php(21): Illuminate/Pipeline/Pipeline->Illuminate/Pipeline/{closure}(Object(Illuminate/Http/Request))
#38 C:/laragon/www/DEFEXSNAP-BACKED-defectguru/vendor/laravel/framework/src/Illuminate/Foundation/Http/Middleware/ConvertEmptyStringsToNull.php(31): Illuminate/Foundation/Http/Middleware/TransformsRequest->handle(Object(Illuminate/Http/Request), Object(Closure))
#39 C:/laragon/www/DEFEXSNAP-BACKED-defectguru/vendor/laravel/framework/src/Illuminate/Pipeline/Pipeline.php(183): Illuminate/Foundation/Http/Middleware/ConvertEmptyStringsToNull->handle(Object(Illuminate/Http/Request), Object(Closure))
#40 C:/laragon/www/DEFEXSNAP-BACKED-defectguru/vendor/laravel/framework/src/Illuminate/Foundation/Http/Middleware/TransformsRequest.php(21): Illuminate/Pipeline/Pipeline->Illuminate/Pipeline/{closure}(Object(Illuminate/Http/Request))
#41 C:/laragon/www/DEFEXSNAP-BACKED-defectguru/vendor/laravel/framework/src/Illuminate/Foundation/Http/Middleware/TrimStrings.php(40): Illuminate/Foundation/Http/Middleware/TransformsRequest->handle(Object(Illuminate/Http/Request), Object(Closure))
#42 C:/laragon/www/DEFEXSNAP-BACKED-defectguru/vendor/laravel/framework/src/Illuminate/Pipeline/Pipeline.php(183): Illuminate/Foundation/Http/Middleware/TrimStrings->handle(Object(Illuminate/Http/Request), Object(Closure))
#43 C:/laragon/www/DEFEXSNAP-BACKED-defectguru/vendor/laravel/framework/src/Illuminate/Foundation/Http/Middleware/ValidatePostSize.php(27): Illuminate/Pipeline/Pipeline->Illuminate/Pipeline/{closure}(Object(Illuminate/Http/Request))
#44 C:/laragon/www/DEFEXSNAP-BACKED-defectguru/vendor/laravel/framework/src/Illuminate/Pipeline/Pipeline.php(183): Illuminate/Foundation/Http/Middleware/ValidatePostSize->handle(Object(Illuminate/Http/Request), Object(Closure))
#45 C:/laragon/www/DEFEXSNAP-BACKED-defectguru/vendor/laravel/framework/src/Illuminate/Foundation/Http/Middleware/PreventRequestsDuringMaintenance.php(99): Illuminate/Pipeline/Pipeline->Illuminate/Pipeline/{closure}(Object(Illuminate/Http/Request))
#46 C:/laragon/www/DEFEXSNAP-BACKED-defectguru/vendor/laravel/framework/src/Illuminate/Pipeline/Pipeline.php(183): Illuminate/Foundation/Http/Middleware/PreventRequestsDuringMaintenance->handle(Object(Illuminate/Http/Request), Object(Closure))
#47 C:/laragon/www/DEFEXSNAP-BACKED-defectguru/vendor/laravel/framework/src/Illuminate/Http/Middleware/HandleCors.php(49): Illuminate/Pipeline/Pipeline->Illuminate/Pipeline/{closure}(Object(Illuminate/Http/Request))
#48 C:/laragon/www/DEFEXSNAP-BACKED-defectguru/vendor/laravel/framework/src/Illuminate/Pipeline/Pipeline.php(183): Illuminate/Http/Middleware/HandleCors->handle(Object(Illuminate/Http/Request), Object(Closure))
#49 C:/laragon/www/DEFEXSNAP-BACKED-defectguru/vendor/laravel/framework/src/Illuminate/Http/Middleware/TrustProxies.php(39): Illuminate/Pipeline/Pipeline->Illuminate/Pipeline/{closure}(Object(Illuminate/Http/Request))
#50 C:/laragon/www/DEFEXSNAP-BACKED-defectguru/vendor/laravel/framework/src/Illuminate/Pipeline/Pipeline.php(183): Illuminate/Http/Middleware/TrustProxies->handle(Object(Illuminate/Http/Request), Object(Closure))
#51 C:/laragon/www/DEFEXSNAP-BACKED-defectguru/vendor/laravel/framework/src/Illuminate/Pipeline/Pipeline.php(119): Illuminate/Pipeline/Pipeline->Illuminate/Pipeline/{closure}(Object(Illuminate/Http/Request))
#52 C:/laragon/www/DEFEXSNAP-BACKED-defectguru/vendor/laravel/framework/src/Illuminate/Foundation/Http/Kernel.php(175): Illuminate/Pipeline/Pipeline->then(Object(Closure))
#53 C:/laragon/www/DEFEXSNAP-BACKED-defectguru/vendor/laravel/framework/src/Illuminate/Foundation/Http/Kernel.php(144): Illuminate/Foundation/Http/Kernel->sendRequestThroughRouter(Object(Illuminate/Http/Request))
#54 C:/laragon/www/DEFEXSNAP-BACKED-defectguru/public/index.php(52): Illuminate/Foundation/Http/Kernel->handle(Object(Illuminate/Http/Request))
#55 C:/laragon/www/DEFEXSNAP-BACKED-defectguru/vendor/laravel/framework/src/Illuminate/Foundation/resources/server.php(16): require_once('C://laragon//www//...')
#56 {main}
"} 
[2026-08-27 17:10:16] local.ERROR: Method Illuminate\Validation\Validator::validate01977337738 does not exist. {"userId":1,"exception":"[object] (BadMethodCallException(code: 0): Method Illuminate\\Validation\\Validator::validate01977337738 does not exist. at C:/laragon/www/DEFEXSNAP-BACKED-defectguru/vendor/laravel/framework/src/Illuminate/Validation/Validator.php:1646)
[stacktrace]
#0 C:/laragon/www/DEFEXSNAP-BACKED-defectguru/vendor/laravel/framework/src/Illuminate/Validation/Validator.php(660): Illuminate/Validation/Validator->__call('validate0197733...', Array)
#1 C:/laragon/www/DEFEXSNAP-BACKED-defectguru/vendor/laravel/framework/src/Illuminate/Validation/Validator.php(459): Illuminate/Validation/Validator->validateAttribute('cus_no', '01977337738')
#2 C:/laragon/www/DEFEXSNAP-BACKED-defectguru/vendor/laravel/framework/src/Illuminate/Validation/Validator.php(494): Illuminate/Validation/Validator->passes()
#3 C:/laragon/www/DEFEXSNAP-BACKED-defectguru/vendor/laravel/framework/src/Illuminate/Validation/Validator.php(536): Illuminate/Validation/Validator->fails()
#4 C:/laragon/www/DEFEXSNAP-BACKED-defectguru/vendor/laravel/framework/src/Illuminate/Foundation/Providers/FoundationServiceProvider.php(124): Illuminate/Validation/Validator->validate()
#5 C:/laragon/www/DEFEXSNAP-BACKED-defectguru/vendor/laravel/framework/src/Illuminate/Macroable/Traits/Macroable.php(123): Illuminate/Http/Request->Illuminate/Foundation/Providers/{closure}(Array)
#6 C:/laragon/www/DEFEXSNAP-BACKED-defectguru/app/Http/Controllers/InspectionController.php(44): Illuminate/Http/Request->__call('validate', Array)
#7 C:/laragon/www/DEFEXSNAP-BACKED-defectguru/vendor/laravel/framework/src/Illuminate/Routing/Controller.php(54): App/Http/Controllers/InspectionController->store(Object(Illuminate/Http/Request))
#8 C:/laragon/www/DEFEXSNAP-BACKED-defectguru/vendor/laravel/framework/src/Illuminate/Routing/ControllerDispatcher.php(43): Illuminate/Routing/Controller->callAction('store', Array)
#9 C:/laragon/www/DEFEXSNAP-BACKED-defectguru/vendor/laravel/framework/src/Illuminate/Routing/Route.php(260): Illuminate/Routing/ControllerDispatcher->dispatch(Object(Illuminate/Routing/Route), Object(App/Http/Controllers/InspectionController), 'store')
#10 C:/laragon/www/DEFEXSNAP-BACKED-defectguru/vendor/laravel/framework/src/Illuminate/Routing/Route.php(205): Illuminate/Routing/Route->runController()
#11 C:/laragon/www/DEFEXSNAP-BACKED-defectguru/vendor/laravel/framework/src/Illuminate/Routing/Router.php(806): Illuminate/Routing/Route->run()
#12 C:/laragon/www/DEFEXSNAP-BACKED-defectguru/vendor/laravel/framework/src/Illuminate/Pipeline/Pipeline.php(144): Illuminate/Routing/Router->Illuminate/Routing/{closure}(Object(Illuminate/Http/Request))
#13 C:/laragon/www/DEFEXSNAP-BACKED-defectguru/vendor/laravel/framework/src/Illuminate/Routing/Middleware/SubstituteBindings.php(50): Illuminate/Pipeline/Pipeline->Illuminate/Pipeline/{closure}(Object(Illuminate/Http/Request))
#14 C:/laragon/www/DEFEXSNAP-BACKED-defectguru/vendor/laravel/framework/src/Illuminate/Pipeline/Pipeline.php(183): Illuminate/Routing/Middleware/SubstituteBindings->handle(Object(Illuminate/Http/Request), Object(Closure))
#15 C:/laragon/www/DEFEXSNAP-BACKED-defectguru/vendor/laravel/framework/src/Illuminate/Auth/Middleware/Authenticate.php(57): Illuminate/Pipeline/Pipeline->Illuminate/Pipeline/{closure}(Object(Illuminate/Http/Request))
#16 C:/laragon/www/DEFEXSNAP-BACKED-defectguru/vendor/laravel/framework/src/Illuminate/Pipeline/Pipeline.php(183): Illuminate/Auth/Middleware/Authenticate->handle(Object(Illuminate/Http/Request), Object(Closure))
#17 C:/laragon/www/DEFEXSNAP-BACKED-defectguru/vendor/laravel/framework/src/Illuminate/Foundation/Http/Middleware/VerifyCsrfToken.php(78): Illuminate/Pipeline/Pipeline->Illuminate/Pipeline/{closure}(Object(Illuminate/Http/Request))
#18 C:/laragon/www/DEFEXSNAP-BACKED-defectguru/vendor/laravel/framework/src/Illuminate/Pipeline/Pipeline.php(183): Illuminate/Foundation/Http/Middleware/VerifyCsrfToken->handle(Object(Illuminate/Http/Request), Object(Closure))
#19 C:/laragon/www/DEFEXSNAP-BACKED-defectguru/vendor/laravel/framework/src/Illuminate/View/Middleware/ShareErrorsFromSession.php(49): Illuminate/Pipeline/Pipeline->Illuminate/Pipeline/{closure}(Object(Illuminate/Http/Request))
#20 C:/laragon/www/DEFEXSNAP-BACKED-defectguru/vendor/laravel/framework/src/Illuminate/Pipeline/Pipeline.php(183): Illuminate/View/Middleware/ShareErrorsFromSession->handle(Object(Illuminate/Http/Request), Object(Closure))
#21 C:/laragon/www/DEFEXSNAP-BACKED-defectguru/vendor/laravel/framework/src/Illuminate/Session/Middleware/StartSession.php(121): Illuminate/Pipeline/Pipeline->Illuminate/Pipeline/{closure}(Object(Illuminate/Http/Request))
#22 C:/laragon/www/DEFEXSNAP-BACKED-defectguru/vendor/laravel/framework/src/Illuminate/Session/Middleware/StartSession.php(64): Illuminate/Session/Middleware/StartSession->handleStatefulRequest(Object(Illuminate/Http/Request), Object(Illuminate/Session/Store), Object(Closure))
#23 C:/laragon/www/DEFEXSNAP-BACKED-defectguru/vendor/laravel/framework/src/Illuminate/Pipeline/Pipeline.php(183): Illuminate/Session/Middleware/StartSession->handle(Object(Illuminate/Http/Request), Object(Closure))
#24 C:/laragon/www/DEFEXSNAP-BACKED-defectguru/vendor/laravel/framework/src/Illuminate/Cookie/Middleware/AddQueuedCookiesToResponse.php(37): Illuminate/Pipeline/Pipeline->Illuminate/Pipeline/{closure}(Object(Illuminate/Http/Request))
#25 C:/laragon/www/DEFEXSNAP-BACKED-defectguru/vendor/laravel/framework/src/Illuminate/Pipeline/Pipeline.php(183): Illuminate/Cookie/Middleware/AddQueuedCookiesToResponse->handle(Object(Illuminate/Http/Request), Object(Closure))
#26 C:/laragon/www/DEFEXSNAP-BACKED-defectguru/vendor/laravel/framework/src/Illuminate/Cookie/Middleware/EncryptCookies.php(67): Illuminate/Pipeline/Pipeline->Illuminate/Pipeline/{closure}(Object(Illuminate/Http/Request))
#27 C:/laragon/www/DEFEXSNAP-BACKED-defectguru/vendor/laravel/framework/src/Illuminate/Pipeline/Pipeline.php(183): Illuminate/Cookie/Middleware/EncryptCookies->handle(Object(Illuminate/Http/Request), Object(Closure))
#28 C:/laragon/www/DEFEXSNAP-BACKED-defectguru/vendor/laravel/framework/src/Illuminate/Pipeline/Pipeline.php(119): Illuminate/Pipeline/Pipeline->Illuminate/Pipeline/{closure}(Object(Illuminate/Http/Request))
#29 C:/laragon/www/DEFEXSNAP-BACKED-defectguru/vendor/laravel/framework/src/Illuminate/Routing/Router.php(807): Illuminate/Pipeline/Pipeline->then(Object(Closure))
#30 C:/laragon/www/DEFEXSNAP-BACKED-defectguru/vendor/laravel/framework/src/Illuminate/Routing/Router.php(784): Illuminate/Routing/Router->runRouteWithinStack(Object(Illuminate/Routing/Route), Object(Illuminate/Http/Request))
#31 C:/laragon/www/DEFEXSNAP-BACKED-defectguru/vendor/laravel/framework/src/Illuminate/Routing/Router.php(748): Illuminate/Routing/Router->runRoute(Object(Illuminate/Http/Request), Object(Illuminate/Routing/Route))
#32 C:/laragon/www/DEFEXSNAP-BACKED-defectguru/vendor/laravel/framework/src/Illuminate/Routing/Router.php(737): Illuminate/Routing/Router->dispatchToRoute(Object(Illuminate/Http/Request))
#33 C:/laragon/www/DEFEXSNAP-BACKED-defectguru/vendor/laravel/framework/src/Illuminate/Foundation/Http/Kernel.php(200): Illuminate/Routing/Router->dispatch(Object(Illuminate/Http/Request))
#34 C:/laragon/www/DEFEXSNAP-BACKED-defectguru/vendor/laravel/framework/src/Illuminate/Pipeline/Pipeline.php(144): Illuminate/Foundation/Http/Kernel->Illuminate/Foundation/Http/{closure}(Object(Illuminate/Http/Request))
#35 C:/laragon/www/DEFEXSNAP-BACKED-defectguru/vendor/livewire/livewire/src/Features/SupportDisablingBackButtonCache/DisableBackButtonCacheMiddleware.php(19): Illuminate/Pipeline/Pipeline->Illuminate/Pipeline/{closure}(Object(Illuminate/Http/Request))
#36 C:/laragon/www/DEFEXSNAP-BACKED-defectguru/vendor/laravel/framework/src/Illuminate/Pipeline/Pipeline.php(183): Livewire/Features/SupportDisablingBackButtonCache/DisableBackButtonCacheMiddleware->handle(Object(Illuminate/Http/Request), Object(Closure))
#37 C:/laragon/www/DEFEXSNAP-BACKED-defectguru/vendor/laravel/framework/src/Illuminate/Foundation/Http/Middleware/TransformsRequest.php(21): Illuminate/Pipeline/Pipeline->Illuminate/Pipeline/{closure}(Object(Illuminate/Http/Request))
#38 C:/laragon/www/DEFEXSNAP-BACKED-defectguru/vendor/laravel/framework/src/Illuminate/Foundation/Http/Middleware/ConvertEmptyStringsToNull.php(31): Illuminate/Foundation/Http/Middleware/TransformsRequest->handle(Object(Illuminate/Http/Request), Object(Closure))
#39 C:/laragon/www/DEFEXSNAP-BACKED-defectguru/vendor/laravel/framework/src/Illuminate/Pipeline/Pipeline.php(183): Illuminate/Foundation/Http/Middleware/ConvertEmptyStringsToNull->handle(Object(Illuminate/Http/Request), Object(Closure))
#40 C:/laragon/www/DEFEXSNAP-BACKED-defectguru/vendor/laravel/framework/src/Illuminate/Foundation/Http/Middleware/TransformsRequest.php(21): Illuminate/Pipeline/Pipeline->Illuminate/Pipeline/{closure}(Object(Illuminate/Http/Request))
#41 C:/laragon/www/DEFEXSNAP-BACKED-defectguru/vendor/laravel/framework/src/Illuminate/Foundation/Http/Middleware/TrimStrings.php(40): Illuminate/Foundation/Http/Middleware/TransformsRequest->handle(Object(Illuminate/Http/Request), Object(Closure))
#42 C:/laragon/www/DEFEXSNAP-BACKED-defectguru/vendor/laravel/framework/src/Illuminate/Pipeline/Pipeline.php(183): Illuminate/Foundation/Http/Middleware/TrimStrings->handle(Object(Illuminate/Http/Request), Object(Closure))
#43 C:/laragon/www/DEFEXSNAP-BACKED-defectguru/vendor/laravel/framework/src/Illuminate/Foundation/Http/Middleware/ValidatePostSize.php(27): Illuminate/Pipeline/Pipeline->Illuminate/Pipeline/{closure}(Object(Illuminate/Http/Request))
#44 C:/laragon/www/DEFEXSNAP-BACKED-defectguru/vendor/laravel/framework/src/Illuminate/Pipeline/Pipeline.php(183): Illuminate/Foundation/Http/Middleware/ValidatePostSize->handle(Object(Illuminate/Http/Request), Object(Closure))
#45 C:/laragon/www/DEFEXSNAP-BACKED-defectguru/vendor/laravel/framework/src/Illuminate/Foundation/Http/Middleware/PreventRequestsDuringMaintenance.php(99): Illuminate/Pipeline/Pipeline->Illuminate/Pipeline/{closure}(Object(Illuminate/Http/Request))
#46 C:/laragon/www/DEFEXSNAP-BACKED-defectguru/vendor/laravel/framework/src/Illuminate/Pipeline/Pipeline.php(183): Illuminate/Foundation/Http/Middleware/PreventRequestsDuringMaintenance->handle(Object(Illuminate/Http/Request), Object(Closure))
#47 C:/laragon/www/DEFEXSNAP-BACKED-defectguru/vendor/laravel/framework/src/Illuminate/Http/Middleware/HandleCors.php(49): Illuminate/Pipeline/Pipeline->Illuminate/Pipeline/{closure}(Object(Illuminate/Http/Request))
#48 C:/laragon/www/DEFEXSNAP-BACKED-defectguru/vendor/laravel/framework/src/Illuminate/Pipeline/Pipeline.php(183): Illuminate/Http/Middleware/HandleCors->handle(Object(Illuminate/Http/Request), Object(Closure))
#49 C:/laragon/www/DEFEXSNAP-BACKED-defectguru/vendor/laravel/framework/src/Illuminate/Http/Middleware/TrustProxies.php(39): Illuminate/Pipeline/Pipeline->Illuminate/Pipeline/{closure}(Object(Illuminate/Http/Request))
#50 C:/laragon/www/DEFEXSNAP-BACKED-defectguru/vendor/laravel/framework/src/Illuminate/Pipeline/Pipeline.php(183): Illuminate/Http/Middleware/TrustProxies->handle(Object(Illuminate/Http/Request), Object(Closure))
#51 C:/laragon/www/DEFEXSNAP-BACKED-defectguru/vendor/laravel/framework/src/Illuminate/Pipeline/Pipeline.php(119): Illuminate/Pipeline/Pipeline->Illuminate/Pipeline/{closure}(Object(Illuminate/Http/Request))
#52 C:/laragon/www/DEFEXSNAP-BACKED-defectguru/vendor/laravel/framework/src/Illuminate/Foundation/Http/Kernel.php(175): Illuminate/Pipeline/Pipeline->then(Object(Closure))
#53 C:/laragon/www/DEFEXSNAP-BACKED-defectguru/vendor/laravel/framework/src/Illuminate/Foundation/Http/Kernel.php(144): Illuminate/Foundation/Http/Kernel->sendRequestThroughRouter(Object(Illuminate/Http/Request))
#54 C:/laragon/www/DEFEXSNAP-BACKED-defectguru/public/index.php(52): Illuminate/Foundation/Http/Kernel->handle(Object(Illuminate/Http/Request))
#55 C:/laragon/www/DEFEXSNAP-BACKED-defectguru/vendor/laravel/framework/src/Illuminate/Foundation/resources/server.php(16): require_once('C://laragon//www//...')
#56 {main}
"} 
[2026-08-29 19:17:19] local.ERROR: SQLSTATE[42S02]: Base table or view not found: 1146 Table 'laravel.cashflows' doesn't exist (Connection: mysql, SQL: alter table `cashflows` add `receipt` varchar(255) null) {"exception":"[object] (Illuminate\\Database\\QueryException(code: 42S02): SQLSTATE[42S02]: Base table or view not found: 1146 Table 'laravel.cashflows' doesn't exist (Connection: mysql, SQL: alter table `cashflows` add `receipt` varchar(255) null) at C:/laragon/www/DEFEXSNAP-BACKED-defectguru/vendor/laravel/framework/src/Illuminate/Database/Connection.php:829)
[stacktrace]
#0 C:/laragon/www/DEFEXSNAP-BACKED-defectguru/vendor/laravel/framework/src/Illuminate/Database/Connection.php(783): Illuminate/Database/Connection->runQueryCallback('alter table `ca...', Array, Object(Closure))
#1 C:/laragon/www/DEFEXSNAP-BACKED-defectguru/vendor/laravel/framework/src/Illuminate/Database/Connection.php(588): Illuminate/Database/Connection->run('alter table `ca...', Array, Object(Closure))
#2 C:/laragon/www/DEFEXSNAP-BACKED-defectguru/vendor/laravel/framework/src/Illuminate/Database/Schema/Blueprint.php(110): Illuminate/Database/Connection->statement('alter table `ca...')
#3 C:/laragon/www/DEFEXSNAP-BACKED-defectguru/vendor/laravel/framework/src/Illuminate/Database/Schema/Builder.php(602): Illuminate/Database/Schema/Blueprint->build(Object(Illuminate/Database/MySqlConnection), Object(Illuminate/Database/Schema/Grammars/MySqlGrammar))
#4 C:/laragon/www/DEFEXSNAP-BACKED-defectguru/vendor/laravel/framework/src/Illuminate/Database/Schema/Builder.php(444): Illuminate/Database/Schema/Builder->build(Object(Illuminate/Database/Schema/Blueprint))
#5 C:/laragon/www/DEFEXSNAP-BACKED-defectguru/vendor/laravel/framework/src/Illuminate/Support/Facades/Facade.php(355): Illuminate/Database/Schema/Builder->table('cashflows', Object(Closure))
#6 C:/laragon/www/DEFEXSNAP-BACKED-defectguru/database/migrations/2026_08_29_191647_add_receipt_to_cashflows_table.php(17): Illuminate/Support/Facades/Facade::__callStatic('table', Array)
#7 C:/laragon/www/DEFEXSNAP-BACKED-defectguru/vendor/laravel/framework/src/Illuminate/Database/Migrations/Migrator.php(501): Illuminate/Database/Migrations/Migration@anonymous->up()
#8 C:/laragon/www/DEFEXSNAP-BACKED-defectguru/vendor/laravel/framework/src/Illuminate/Database/Migrations/Migrator.php(418): Illuminate/Database/Migrations/Migrator->runMethod(Object(Illuminate/Database/MySqlConnection), Object(Illuminate/Database/Migrations/Migration@anonymous), 'up')
#9 C:/laragon/www/DEFEXSNAP-BACKED-defectguru/vendor/laravel/framework/src/Illuminate/Database/Migrations/Migrator.php(427): Illuminate/Database/Migrations/Migrator->Illuminate/Database/Migrations/{closure}()
#10 C:/laragon/www/DEFEXSNAP-BACKED-defectguru/vendor/laravel/framework/src/Illuminate/Database/Migrations/Migrator.php(224): Illuminate/Database/Migrations/Migrator->runMigration(Object(Illuminate/Database/Migrations/Migration@anonymous), 'up')
#11 C:/laragon/www/DEFEXSNAP-BACKED-defectguru/vendor/laravel/framework/src/Illuminate/Console/View/Components/Task.php(37): Illuminate/Database/Migrations/Migrator->Illuminate/Database/Migrations/{closure}()
#12 C:/laragon/www/DEFEXSNAP-BACKED-defectguru/vendor/laravel/framework/src/Illuminate/Database/Migrations/Migrator.php(783): Illuminate/Console/View/Components/Task->render('2026_08_29_1916...', Object(Closure))
#13 C:/laragon/www/DEFEXSNAP-BACKED-defectguru/vendor/laravel/framework/src/Illuminate/Database/Migrations/Migrator.php(224): Illuminate/Database/Migrations/Migrator->write('Illuminate//Cons...', '2026_08_29_1916...', Object(Closure))
#14 C:/laragon/www/DEFEXSNAP-BACKED-defectguru/vendor/laravel/framework/src/Illuminate/Database/Migrations/Migrator.php(189): Illuminate/Database/Migrations/Migrator->runUp('C://laragon//www//...', 4, false)
#15 C:/laragon/www/DEFEXSNAP-BACKED-defectguru/vendor/laravel/framework/src/Illuminate/Database/Migrations/Migrator.php(132): Illuminate/Database/Migrations/Migrator->runPending(Array, Array)
#16 C:/laragon/www/DEFEXSNAP-BACKED-defectguru/vendor/laravel/framework/src/Illuminate/Database/Console/Migrations/MigrateCommand.php(92): Illuminate/Database/Migrations/Migrator->run(Array, Array)
#17 C:/laragon/www/DEFEXSNAP-BACKED-defectguru/vendor/laravel/framework/src/Illuminate/Database/Migrations/Migrator.php(641): Illuminate/Database/Console/Migrations/MigrateCommand->Illuminate/Database/Console/Migrations/{closure}()
#18 C:/laragon/www/DEFEXSNAP-BACKED-defectguru/vendor/laravel/framework/src/Illuminate/Database/Console/Migrations/MigrateCommand.php(104): Illuminate/Database/Migrations/Migrator->usingConnection(NULL, Object(Closure))
#19 C:/laragon/www/DEFEXSNAP-BACKED-defectguru/vendor/laravel/framework/src/Illuminate/Container/BoundMethod.php(36): Illuminate/Database/Console/Migrations/MigrateCommand->handle()
#20 C:/laragon/www/DEFEXSNAP-BACKED-defectguru/vendor/laravel/framework/src/Illuminate/Container/Util.php(41): Illuminate/Container/BoundMethod::Illuminate/Container/{closure}()
#21 C:/laragon/www/DEFEXSNAP-BACKED-defectguru/vendor/laravel/framework/src/Illuminate/Container/BoundMethod.php(93): Illuminate/Container/Util::unwrapIfClosure(Object(Closure))
#22 C:/laragon/www/DEFEXSNAP-BACKED-defectguru/vendor/laravel/framework/src/Illuminate/Container/BoundMethod.php(37): Illuminate/Container/BoundMethod::callBoundMethod(Object(Illuminate/Foundation/Application), Array, Object(Closure))
#23 C:/laragon/www/DEFEXSNAP-BACKED-defectguru/vendor/laravel/framework/src/Illuminate/Container/Container.php(662): Illuminate/Container/BoundMethod::call(Object(Illuminate/Foundation/Application), Array, Array, NULL)
#24 C:/laragon/www/DEFEXSNAP-BACKED-defectguru/vendor/laravel/framework/src/Illuminate/Console/Command.php(211): Illuminate/Container/Container->call(Array)
#25 C:/laragon/www/DEFEXSNAP-BACKED-defectguru/vendor/symfony/console/Command/Command.php(326): Illuminate/Console/Command->execute(Object(Symfony/Component/Console/Input/ArgvInput), Object(Illuminate/Console/OutputStyle))
#26 C:/laragon/www/DEFEXSNAP-BACKED-defectguru/vendor/laravel/framework/src/Illuminate/Console/Command.php(181): Symfony/Component/Console/Command/Command->run(Object(Symfony/Component/Console/Input/ArgvInput), Object(Illuminate/Console/OutputStyle))
#27 C:/laragon/www/DEFEXSNAP-BACKED-defectguru/vendor/symfony/console/Application.php(1121): Illuminate/Console/Command->run(Object(Symfony/Component/Console/Input/ArgvInput), Object(Symfony/Component/Console/Output/ConsoleOutput))
#28 C:/laragon/www/DEFEXSNAP-BACKED-defectguru/vendor/symfony/console/Application.php(324): Symfony/Component/Console/Application->doRunCommand(Object(Illuminate/Database/Console/Migrations/MigrateCommand), Object(Symfony/Component/Console/Input/ArgvInput), Object(Symfony/Component/Console/Output/ConsoleOutput))
#29 C:/laragon/www/DEFEXSNAP-BACKED-defectguru/vendor/symfony/console/Application.php(175): Symfony/Component/Console/Application->doRun(Object(Symfony/Component/Console/Input/ArgvInput), Object(Symfony/Component/Console/Output/ConsoleOutput))
#30 C:/laragon/www/DEFEXSNAP-BACKED-defectguru/vendor/laravel/framework/src/Illuminate/Foundation/Console/Kernel.php(201): Symfony/Component/Console/Application->run(Object(Symfony/Component/Console/Input/ArgvInput), Object(Symfony/Component/Console/Output/ConsoleOutput))
#31 C:/laragon/www/DEFEXSNAP-BACKED-defectguru/artisan(37): Illuminate/Foundation/Console/Kernel->handle(Object(Symfony/Component/Console/Input/ArgvInput), Object(Symfony/Component/Console/Output/ConsoleOutput))
#32 {main}

[previous exception] [object] (PDOException(code: 42S02): SQLSTATE[42S02]: Base table or view not found: 1146 Table 'laravel.cashflows' doesn't exist at C:/laragon/www/DEFEXSNAP-BACKED-defectguru/vendor/laravel/framework/src/Illuminate/Database/Connection.php:587)
[stacktrace]
#0 C:/laragon/www/DEFEXSNAP-BACKED-defectguru/vendor/laravel/framework/src/Illuminate/Database/Connection.php(587): PDOStatement->execute()
#1 C:/laragon/www/DEFEXSNAP-BACKED-defectguru/vendor/laravel/framework/src/Illuminate/Database/Connection.php(816): Illuminate/Database/Connection->Illuminate/Database/{closure}('alter table `ca...', Array)
#2 C:/laragon/www/DEFEXSNAP-BACKED-defectguru/vendor/laravel/framework/src/Illuminate/Database/Connection.php(783): Illuminate/Database/Connection->runQueryCallback('alter table `ca...', Array, Object(Closure))
#3 C:/laragon/www/DEFEXSNAP-BACKED-defectguru/vendor/laravel/framework/src/Illuminate/Database/Connection.php(588): Illuminate/Database/Connection->run('alter table `ca...', Array, Object(Closure))
#4 C:/laragon/www/DEFEXSNAP-BACKED-defectguru/vendor/laravel/framework/src/Illuminate/Database/Schema/Blueprint.php(110): Illuminate/Database/Connection->statement('alter table `ca...')
#5 C:/laragon/www/DEFEXSNAP-BACKED-defectguru/vendor/laravel/framework/src/Illuminate/Database/Schema/Builder.php(602): Illuminate/Database/Schema/Blueprint->build(Object(Illuminate/Database/MySqlConnection), Object(Illuminate/Database/Schema/Grammars/MySqlGrammar))
#6 C:/laragon/www/DEFEXSNAP-BACKED-defectguru/vendor/laravel/framework/src/Illuminate/Database/Schema/Builder.php(444): Illuminate/Database/Schema/Builder->build(Object(Illuminate/Database/Schema/Blueprint))
#7 C:/laragon/www/DEFEXSNAP-BACKED-defectguru/vendor/laravel/framework/src/Illuminate/Support/Facades/Facade.php(355): Illuminate/Database/Schema/Builder->table('cashflows', Object(Closure))
#8 C:/laragon/www/DEFEXSNAP-BACKED-defectguru/database/migrations/2026_08_29_191647_add_receipt_to_cashflows_table.php(17): Illuminate/Support/Facades/Facade::__callStatic('table', Array)
#9 C:/laragon/www/DEFEXSNAP-BACKED-defectguru/vendor/laravel/framework/src/Illuminate/Database/Migrations/Migrator.php(501): Illuminate/Database/Migrations/Migration@anonymous->up()
#10 C:/laragon/www/DEFEXSNAP-BACKED-defectguru/vendor/laravel/framework/src/Illuminate/Database/Migrations/Migrator.php(418): Illuminate/Database/Migrations/Migrator->runMethod(Object(Illuminate/Database/MySqlConnection), Object(Illuminate/Database/Migrations/Migration@anonymous), 'up')
#11 C:/laragon/www/DEFEXSNAP-BACKED-defectguru/vendor/laravel/framework/src/Illuminate/Database/Migrations/Migrator.php(427): Illuminate/Database/Migrations/Migrator->Illuminate/Database/Migrations/{closure}()
#12 C:/laragon/www/DEFEXSNAP-BACKED-defectguru/vendor/laravel/framework/src/Illuminate/Database/Migrations/Migrator.php(224): Illuminate/Database/Migrations/Migrator->runMigration(Object(Illuminate/Database/Migrations/Migration@anonymous), 'up')
#13 C:/laragon/www/DEFEXSNAP-BACKED-defectguru/vendor/laravel/framework/src/Illuminate/Console/View/Components/Task.php(37): Illuminate/Database/Migrations/Migrator->Illuminate/Database/Migrations/{closure}()
#14 C:/laragon/www/DEFEXSNAP-BACKED-defectguru/vendor/laravel/framework/src/Illuminate/Database/Migrations/Migrator.php(783): Illuminate/Console/View/Components/Task->render('2026_08_29_1916...', Object(Closure))
#15 C:/laragon/www/DEFEXSNAP-BACKED-defectguru/vendor/laravel/framework/src/Illuminate/Database/Migrations/Migrator.php(224): Illuminate/Database/Migrations/Migrator->write('Illuminate//Cons...', '2026_08_29_1916...', Object(Closure))
#16 C:/laragon/www/DEFEXSNAP-BACKED-defectguru/vendor/laravel/framework/src/Illuminate/Database/Migrations/Migrator.php(189): Illuminate/Database/Migrations/Migrator->runUp('C://laragon//www//...', 4, false)
#17 C:/laragon/www/DEFEXSNAP-BACKED-defectguru/vendor/laravel/framework/src/Illuminate/Database/Migrations/Migrator.php(132): Illuminate/Database/Migrations/Migrator->runPending(Array, Array)
#18 C:/laragon/www/DEFEXSNAP-BACKED-defectguru/vendor/laravel/framework/src/Illuminate/Database/Console/Migrations/MigrateCommand.php(92): Illuminate/Database/Migrations/Migrator->run(Array, Array)
#19 C:/laragon/www/DEFEXSNAP-BACKED-defectguru/vendor/laravel/framework/src/Illuminate/Database/Migrations/Migrator.php(641): Illuminate/Database/Console/Migrations/MigrateCommand->Illuminate/Database/Console/Migrations/{closure}()
#20 C:/laragon/www/DEFEXSNAP-BACKED-defectguru/vendor/laravel/framework/src/Illuminate/Database/Console/Migrations/MigrateCommand.php(104): Illuminate/Database/Migrations/Migrator->usingConnection(NULL, Object(Closure))
#21 C:/laragon/www/DEFEXSNAP-BACKED-defectguru/vendor/laravel/framework/src/Illuminate/Container/BoundMethod.php(36): Illuminate/Database/Console/Migrations/MigrateCommand->handle()
#22 C:/laragon/www/DEFEXSNAP-BACKED-defectguru/vendor/laravel/framework/src/Illuminate/Container/Util.php(41): Illuminate/Container/BoundMethod::Illuminate/Container/{closure}()
#23 C:/laragon/www/DEFEXSNAP-BACKED-defectguru/vendor/laravel/framework/src/Illuminate/Container/BoundMethod.php(93): Illuminate/Container/Util::unwrapIfClosure(Object(Closure))
#24 C:/laragon/www/DEFEXSNAP-BACKED-defectguru/vendor/laravel/framework/src/Illuminate/Container/BoundMethod.php(37): Illuminate/Container/BoundMethod::callBoundMethod(Object(Illuminate/Foundation/Application), Array, Object(Closure))
#25 C:/laragon/www/DEFEXSNAP-BACKED-defectguru/vendor/laravel/framework/src/Illuminate/Container/Container.php(662): Illuminate/Container/BoundMethod::call(Object(Illuminate/Foundation/Application), Array, Array, NULL)
#26 C:/laragon/www/DEFEXSNAP-BACKED-defectguru/vendor/laravel/framework/src/Illuminate/Console/Command.php(211): Illuminate/Container/Container->call(Array)
#27 C:/laragon/www/DEFEXSNAP-BACKED-defectguru/vendor/symfony/console/Command/Command.php(326): Illuminate/Console/Command->execute(Object(Symfony/Component/Console/Input/ArgvInput), Object(Illuminate/Console/OutputStyle))
#28 C:/laragon/www/DEFEXSNAP-BACKED-defectguru/vendor/laravel/framework/src/Illuminate/Console/Command.php(181): Symfony/Component/Console/Command/Command->run(Object(Symfony/Component/Console/Input/ArgvInput), Object(Illuminate/Console/OutputStyle))
#29 C:/laragon/www/DEFEXSNAP-BACKED-defectguru/vendor/symfony/console/Application.php(1121): Illuminate/Console/Command->run(Object(Symfony/Component/Console/Input/ArgvInput), Object(Symfony/Component/Console/Output/ConsoleOutput))
#30 C:/laragon/www/DEFEXSNAP-BACKED-defectguru/vendor/symfony/console/Application.php(324): Symfony/Component/Console/Application->doRunCommand(Object(Illuminate/Database/Console/Migrations/MigrateCommand), Object(Symfony/Component/Console/Input/ArgvInput), Object(Symfony/Component/Console/Output/ConsoleOutput))
#31 C:/laragon/www/DEFEXSNAP-BACKED-defectguru/vendor/symfony/console/Application.php(175): Symfony/Component/Console/Application->doRun(Object(Symfony/Component/Console/Input/ArgvInput), Object(Symfony/Component/Console/Output/ConsoleOutput))
#32 C:/laragon/www/DEFEXSNAP-BACKED-defectguru/vendor/laravel/framework/src/Illuminate/Foundation/Console/Kernel.php(201): Symfony/Component/Console/Application->run(Object(Symfony/Component/Console/Input/ArgvInput), Object(Symfony/Component/Console/Output/ConsoleOutput))
#33 C:/laragon/www/DEFEXSNAP-BACKED-defectguru/artisan(37): Illuminate/Foundation/Console/Kernel->handle(Object(Symfony/Component/Console/Input/ArgvInput), Object(Symfony/Component/Console/Output/ConsoleOutput))
#34 {main}
"} 
[2026-08-29 19:17:53] local.ERROR: SQLSTATE[42S02]: Base table or view not found: 1146 Table 'laravel.cashflows' doesn't exist (Connection: mysql, SQL: alter table `cashflows` add `receipt` varchar(255) null) {"exception":"[object] (Illuminate\\Database\\QueryException(code: 42S02): SQLSTATE[42S02]: Base table or view not found: 1146 Table 'laravel.cashflows' doesn't exist (Connection: mysql, SQL: alter table `cashflows` add `receipt` varchar(255) null) at C:/laragon/www/DEFEXSNAP-BACKED-defectguru/vendor/laravel/framework/src/Illuminate/Database/Connection.php:829)
[stacktrace]
#0 C:/laragon/www/DEFEXSNAP-BACKED-defectguru/vendor/laravel/framework/src/Illuminate/Database/Connection.php(783): Illuminate/Database/Connection->runQueryCallback('alter table `ca...', Array, Object(Closure))
#1 C:/laragon/www/DEFEXSNAP-BACKED-defectguru/vendor/laravel/framework/src/Illuminate/Database/Connection.php(588): Illuminate/Database/Connection->run('alter table `ca...', Array, Object(Closure))
#2 C:/laragon/www/DEFEXSNAP-BACKED-defectguru/vendor/laravel/framework/src/Illuminate/Database/Schema/Blueprint.php(110): Illuminate/Database/Connection->statement('alter table `ca...')
#3 C:/laragon/www/DEFEXSNAP-BACKED-defectguru/vendor/laravel/framework/src/Illuminate/Database/Schema/Builder.php(602): Illuminate/Database/Schema/Blueprint->build(Object(Illuminate/Database/MySqlConnection), Object(Illuminate/Database/Schema/Grammars/MySqlGrammar))
#4 C:/laragon/www/DEFEXSNAP-BACKED-defectguru/vendor/laravel/framework/src/Illuminate/Database/Schema/Builder.php(444): Illuminate/Database/Schema/Builder->build(Object(Illuminate/Database/Schema/Blueprint))
#5 C:/laragon/www/DEFEXSNAP-BACKED-defectguru/vendor/laravel/framework/src/Illuminate/Support/Facades/Facade.php(355): Illuminate/Database/Schema/Builder->table('cashflows', Object(Closure))
#6 C:/laragon/www/DEFEXSNAP-BACKED-defectguru/database/migrations/2026_08_29_191647_add_receipt_to_cashflows_table.php(16): Illuminate/Support/Facades/Facade::__callStatic('table', Array)
#7 C:/laragon/www/DEFEXSNAP-BACKED-defectguru/vendor/laravel/framework/src/Illuminate/Database/Migrations/Migrator.php(501): Illuminate/Database/Migrations/Migration@anonymous->up()
#8 C:/laragon/www/DEFEXSNAP-BACKED-defectguru/vendor/laravel/framework/src/Illuminate/Database/Migrations/Migrator.php(418): Illuminate/Database/Migrations/Migrator->runMethod(Object(Illuminate/Database/MySqlConnection), Object(Illuminate/Database/Migrations/Migration@anonymous), 'up')
#9 C:/laragon/www/DEFEXSNAP-BACKED-defectguru/vendor/laravel/framework/src/Illuminate/Database/Migrations/Migrator.php(427): Illuminate/Database/Migrations/Migrator->Illuminate/Database/Migrations/{closure}()
#10 C:/laragon/www/DEFEXSNAP-BACKED-defectguru/vendor/laravel/framework/src/Illuminate/Database/Migrations/Migrator.php(224): Illuminate/Database/Migrations/Migrator->runMigration(Object(Illuminate/Database/Migrations/Migration@anonymous), 'up')
#11 C:/laragon/www/DEFEXSNAP-BACKED-defectguru/vendor/laravel/framework/src/Illuminate/Console/View/Components/Task.php(37): Illuminate/Database/Migrations/Migrator->Illuminate/Database/Migrations/{closure}()
#12 C:/laragon/www/DEFEXSNAP-BACKED-defectguru/vendor/laravel/framework/src/Illuminate/Database/Migrations/Migrator.php(783): Illuminate/Console/View/Components/Task->render('2026_08_29_1916...', Object(Closure))
#13 C:/laragon/www/DEFEXSNAP-BACKED-defectguru/vendor/laravel/framework/src/Illuminate/Database/Migrations/Migrator.php(224): Illuminate/Database/Migrations/Migrator->write('Illuminate//Cons...', '2026_08_29_1916...', Object(Closure))
#14 C:/laragon/www/DEFEXSNAP-BACKED-defectguru/vendor/laravel/framework/src/Illuminate/Database/Migrations/Migrator.php(189): Illuminate/Database/Migrations/Migrator->runUp('C://laragon//www//...', 4, false)
#15 C:/laragon/www/DEFEXSNAP-BACKED-defectguru/vendor/laravel/framework/src/Illuminate/Database/Migrations/Migrator.php(132): Illuminate/Database/Migrations/Migrator->runPending(Array, Array)
#16 C:/laragon/www/DEFEXSNAP-BACKED-defectguru/vendor/laravel/framework/src/Illuminate/Database/Console/Migrations/MigrateCommand.php(92): Illuminate/Database/Migrations/Migrator->run(Array, Array)
#17 C:/laragon/www/DEFEXSNAP-BACKED-defectguru/vendor/laravel/framework/src/Illuminate/Database/Migrations/Migrator.php(641): Illuminate/Database/Console/Migrations/MigrateCommand->Illuminate/Database/Console/Migrations/{closure}()
#18 C:/laragon/www/DEFEXSNAP-BACKED-defectguru/vendor/laravel/framework/src/Illuminate/Database/Console/Migrations/MigrateCommand.php(104): Illuminate/Database/Migrations/Migrator->usingConnection(NULL, Object(Closure))
#19 C:/laragon/www/DEFEXSNAP-BACKED-defectguru/vendor/laravel/framework/src/Illuminate/Container/BoundMethod.php(36): Illuminate/Database/Console/Migrations/MigrateCommand->handle()
#20 C:/laragon/www/DEFEXSNAP-BACKED-defectguru/vendor/laravel/framework/src/Illuminate/Container/Util.php(41): Illuminate/Container/BoundMethod::Illuminate/Container/{closure}()
#21 C:/laragon/www/DEFEXSNAP-BACKED-defectguru/vendor/laravel/framework/src/Illuminate/Container/BoundMethod.php(93): Illuminate/Container/Util::unwrapIfClosure(Object(Closure))
#22 C:/laragon/www/DEFEXSNAP-BACKED-defectguru/vendor/laravel/framework/src/Illuminate/Container/BoundMethod.php(37): Illuminate/Container/BoundMethod::callBoundMethod(Object(Illuminate/Foundation/Application), Array, Object(Closure))
#23 C:/laragon/www/DEFEXSNAP-BACKED-defectguru/vendor/laravel/framework/src/Illuminate/Container/Container.php(662): Illuminate/Container/BoundMethod::call(Object(Illuminate/Foundation/Application), Array, Array, NULL)
#24 C:/laragon/www/DEFEXSNAP-BACKED-defectguru/vendor/laravel/framework/src/Illuminate/Console/Command.php(211): Illuminate/Container/Container->call(Array)
#25 C:/laragon/www/DEFEXSNAP-BACKED-defectguru/vendor/symfony/console/Command/Command.php(326): Illuminate/Console/Command->execute(Object(Symfony/Component/Console/Input/ArgvInput), Object(Illuminate/Console/OutputStyle))
#26 C:/laragon/www/DEFEXSNAP-BACKED-defectguru/vendor/laravel/framework/src/Illuminate/Console/Command.php(181): Symfony/Component/Console/Command/Command->run(Object(Symfony/Component/Console/Input/ArgvInput), Object(Illuminate/Console/OutputStyle))
#27 C:/laragon/www/DEFEXSNAP-BACKED-defectguru/vendor/symfony/console/Application.php(1121): Illuminate/Console/Command->run(Object(Symfony/Component/Console/Input/ArgvInput), Object(Symfony/Component/Console/Output/ConsoleOutput))
#28 C:/laragon/www/DEFEXSNAP-BACKED-defectguru/vendor/symfony/console/Application.php(324): Symfony/Component/Console/Application->doRunCommand(Object(Illuminate/Database/Console/Migrations/MigrateCommand), Object(Symfony/Component/Console/Input/ArgvInput), Object(Symfony/Component/Console/Output/ConsoleOutput))
#29 C:/laragon/www/DEFEXSNAP-BACKED-defectguru/vendor/symfony/console/Application.php(175): Symfony/Component/Console/Application->doRun(Object(Symfony/Component/Console/Input/ArgvInput), Object(Symfony/Component/Console/Output/ConsoleOutput))
#30 C:/laragon/www/DEFEXSNAP-BACKED-defectguru/vendor/laravel/framework/src/Illuminate/Foundation/Console/Kernel.php(201): Symfony/Component/Console/Application->run(Object(Symfony/Component/Console/Input/ArgvInput), Object(Symfony/Component/Console/Output/ConsoleOutput))
#31 C:/laragon/www/DEFEXSNAP-BACKED-defectguru/artisan(37): Illuminate/Foundation/Console/Kernel->handle(Object(Symfony/Component/Console/Input/ArgvInput), Object(Symfony/Component/Console/Output/ConsoleOutput))
#32 {main}

[previous exception] [object] (PDOException(code: 42S02): SQLSTATE[42S02]: Base table or view not found: 1146 Table 'laravel.cashflows' doesn't exist at C:/laragon/www/DEFEXSNAP-BACKED-defectguru/vendor/laravel/framework/src/Illuminate/Database/Connection.php:587)
[stacktrace]
#0 C:/laragon/www/DEFEXSNAP-BACKED-defectguru/vendor/laravel/framework/src/Illuminate/Database/Connection.php(587): PDOStatement->execute()
#1 C:/laragon/www/DEFEXSNAP-BACKED-defectguru/vendor/laravel/framework/src/Illuminate/Database/Connection.php(816): Illuminate/Database/Connection->Illuminate/Database/{closure}('alter table `ca...', Array)
#2 C:/laragon/www/DEFEXSNAP-BACKED-defectguru/vendor/laravel/framework/src/Illuminate/Database/Connection.php(783): Illuminate/Database/Connection->runQueryCallback('alter table `ca...', Array, Object(Closure))
#3 C:/laragon/www/DEFEXSNAP-BACKED-defectguru/vendor/laravel/framework/src/Illuminate/Database/Connection.php(588): Illuminate/Database/Connection->run('alter table `ca...', Array, Object(Closure))
#4 C:/laragon/www/DEFEXSNAP-BACKED-defectguru/vendor/laravel/framework/src/Illuminate/Database/Schema/Blueprint.php(110): Illuminate/Database/Connection->statement('alter table `ca...')
#5 C:/laragon/www/DEFEXSNAP-BACKED-defectguru/vendor/laravel/framework/src/Illuminate/Database/Schema/Builder.php(602): Illuminate/Database/Schema/Blueprint->build(Object(Illuminate/Database/MySqlConnection), Object(Illuminate/Database/Schema/Grammars/MySqlGrammar))
#6 C:/laragon/www/DEFEXSNAP-BACKED-defectguru/vendor/laravel/framework/src/Illuminate/Database/Schema/Builder.php(444): Illuminate/Database/Schema/Builder->build(Object(Illuminate/Database/Schema/Blueprint))
#7 C:/laragon/www/DEFEXSNAP-BACKED-defectguru/vendor/laravel/framework/src/Illuminate/Support/Facades/Facade.php(355): Illuminate/Database/Schema/Builder->table('cashflows', Object(Closure))
#8 C:/laragon/www/DEFEXSNAP-BACKED-defectguru/database/migrations/2026_08_29_191647_add_receipt_to_cashflows_table.php(16): Illuminate/Support/Facades/Facade::__callStatic('table', Array)
#9 C:/laragon/www/DEFEXSNAP-BACKED-defectguru/vendor/laravel/framework/src/Illuminate/Database/Migrations/Migrator.php(501): Illuminate/Database/Migrations/Migration@anonymous->up()
#10 C:/laragon/www/DEFEXSNAP-BACKED-defectguru/vendor/laravel/framework/src/Illuminate/Database/Migrations/Migrator.php(418): Illuminate/Database/Migrations/Migrator->runMethod(Object(Illuminate/Database/MySqlConnection), Object(Illuminate/Database/Migrations/Migration@anonymous), 'up')
#11 C:/laragon/www/DEFEXSNAP-BACKED-defectguru/vendor/laravel/framework/src/Illuminate/Database/Migrations/Migrator.php(427): Illuminate/Database/Migrations/Migrator->Illuminate/Database/Migrations/{closure}()
#12 C:/laragon/www/DEFEXSNAP-BACKED-defectguru/vendor/laravel/framework/src/Illuminate/Database/Migrations/Migrator.php(224): Illuminate/Database/Migrations/Migrator->runMigration(Object(Illuminate/Database/Migrations/Migration@anonymous), 'up')
#13 C:/laragon/www/DEFEXSNAP-BACKED-defectguru/vendor/laravel/framework/src/Illuminate/Console/View/Components/Task.php(37): Illuminate/Database/Migrations/Migrator->Illuminate/Database/Migrations/{closure}()
#14 C:/laragon/www/DEFEXSNAP-BACKED-defectguru/vendor/laravel/framework/src/Illuminate/Database/Migrations/Migrator.php(783): Illuminate/Console/View/Components/Task->render('2026_08_29_1916...', Object(Closure))
#15 C:/laragon/www/DEFEXSNAP-BACKED-defectguru/vendor/laravel/framework/src/Illuminate/Database/Migrations/Migrator.php(224): Illuminate/Database/Migrations/Migrator->write('Illuminate//Cons...', '2026_08_29_1916...', Object(Closure))
#16 C:/laragon/www/DEFEXSNAP-BACKED-defectguru/vendor/laravel/framework/src/Illuminate/Database/Migrations/Migrator.php(189): Illuminate/Database/Migrations/Migrator->runUp('C://laragon//www//...', 4, false)
#17 C:/laragon/www/DEFEXSNAP-BACKED-defectguru/vendor/laravel/framework/src/Illuminate/Database/Migrations/Migrator.php(132): Illuminate/Database/Migrations/Migrator->runPending(Array, Array)
#18 C:/laragon/www/DEFEXSNAP-BACKED-defectguru/vendor/laravel/framework/src/Illuminate/Database/Console/Migrations/MigrateCommand.php(92): Illuminate/Database/Migrations/Migrator->run(Array, Array)
#19 C:/laragon/www/DEFEXSNAP-BACKED-defectguru/vendor/laravel/framework/src/Illuminate/Database/Migrations/Migrator.php(641): Illuminate/Database/Console/Migrations/MigrateCommand->Illuminate/Database/Console/Migrations/{closure}()
#20 C:/laragon/www/DEFEXSNAP-BACKED-defectguru/vendor/laravel/framework/src/Illuminate/Database/Console/Migrations/MigrateCommand.php(104): Illuminate/Database/Migrations/Migrator->usingConnection(NULL, Object(Closure))
#21 C:/laragon/www/DEFEXSNAP-BACKED-defectguru/vendor/laravel/framework/src/Illuminate/Container/BoundMethod.php(36): Illuminate/Database/Console/Migrations/MigrateCommand->handle()
#22 C:/laragon/www/DEFEXSNAP-BACKED-defectguru/vendor/laravel/framework/src/Illuminate/Container/Util.php(41): Illuminate/Container/BoundMethod::Illuminate/Container/{closure}()
#23 C:/laragon/www/DEFEXSNAP-BACKED-defectguru/vendor/laravel/framework/src/Illuminate/Container/BoundMethod.php(93): Illuminate/Container/Util::unwrapIfClosure(Object(Closure))
#24 C:/laragon/www/DEFEXSNAP-BACKED-defectguru/vendor/laravel/framework/src/Illuminate/Container/BoundMethod.php(37): Illuminate/Container/BoundMethod::callBoundMethod(Object(Illuminate/Foundation/Application), Array, Object(Closure))
#25 C:/laragon/www/DEFEXSNAP-BACKED-defectguru/vendor/laravel/framework/src/Illuminate/Container/Container.php(662): Illuminate/Container/BoundMethod::call(Object(Illuminate/Foundation/Application), Array, Array, NULL)
#26 C:/laragon/www/DEFEXSNAP-BACKED-defectguru/vendor/laravel/framework/src/Illuminate/Console/Command.php(211): Illuminate/Container/Container->call(Array)
#27 C:/laragon/www/DEFEXSNAP-BACKED-defectguru/vendor/symfony/console/Command/Command.php(326): Illuminate/Console/Command->execute(Object(Symfony/Component/Console/Input/ArgvInput), Object(Illuminate/Console/OutputStyle))
#28 C:/laragon/www/DEFEXSNAP-BACKED-defectguru/vendor/laravel/framework/src/Illuminate/Console/Command.php(181): Symfony/Component/Console/Command/Command->run(Object(Symfony/Component/Console/Input/ArgvInput), Object(Illuminate/Console/OutputStyle))
#29 C:/laragon/www/DEFEXSNAP-BACKED-defectguru/vendor/symfony/console/Application.php(1121): Illuminate/Console/Command->run(Object(Symfony/Component/Console/Input/ArgvInput), Object(Symfony/Component/Console/Output/ConsoleOutput))
#30 C:/laragon/www/DEFEXSNAP-BACKED-defectguru/vendor/symfony/console/Application.php(324): Symfony/Component/Console/Application->doRunCommand(Object(Illuminate/Database/Console/Migrations/MigrateCommand), Object(Symfony/Component/Console/Input/ArgvInput), Object(Symfony/Component/Console/Output/ConsoleOutput))
#31 C:/laragon/www/DEFEXSNAP-BACKED-defectguru/vendor/symfony/console/Application.php(175): Symfony/Component/Console/Application->doRun(Object(Symfony/Component/Console/Input/ArgvInput), Object(Symfony/Component/Console/Output/ConsoleOutput))
#32 C:/laragon/www/DEFEXSNAP-BACKED-defectguru/vendor/laravel/framework/src/Illuminate/Foundation/Console/Kernel.php(201): Symfony/Component/Console/Application->run(Object(Symfony/Component/Console/Input/ArgvInput), Object(Symfony/Component/Console/Output/ConsoleOutput))
#33 C:/laragon/www/DEFEXSNAP-BACKED-defectguru/artisan(37): Illuminate/Foundation/Console/Kernel->handle(Object(Symfony/Component/Console/Input/ArgvInput), Object(Symfony/Component/Console/Output/ConsoleOutput))
#34 {main}
"} 
[2026-08-29 19:26:10] local.ERROR: Route [inspection.destroy] not defined. {"view":{"view":"C:\\laragon\\www\\DEFEXSNAP-BACKED-defectguru\\resources\\views\\inspections\\index.blade.php","data":{"errors":"<pre class=sf-dump id=sf-dump-1351862384 data-indent-pad=\"  \"><span class=sf-dump-note>Illuminate\\Support\\ViewErrorBag</span> {<a class=sf-dump-ref>#1619</a><samp data-depth=1 class=sf-dump-expanded>
  #<span class=sf-dump-protected title=\"Protected property\">bags</span>: []
</samp>}
</pre><script>Sfdump(\"sf-dump-1351862384\", {\"maxDepth\":3,\"maxStringLength\":160})</script>
","inspections":"<pre class=sf-dump id=sf-dump-1476687313 data-indent-pad=\"  \"><span class=sf-dump-note>Illuminate\\Pagination\\LengthAwarePaginator</span> {<a class=sf-dump-ref>#1652</a><samp data-depth=1 class=sf-dump-expanded>
  #<span class=sf-dump-protected title=\"Protected property\">items</span>: <span class=\"sf-dump-note sf-dump-ellipsization\" title=\"Illuminate\\Database\\Eloquent\\Collection
\"><span class=\"sf-dump-ellipsis sf-dump-ellipsis-note\">Illuminate\\Database\\Eloquent</span><span class=\"sf-dump-ellipsis sf-dump-ellipsis-note\">\\</span><span class=\"sf-dump-ellipsis-tail\">Collection</span></span> {<a class=sf-dump-ref>#1649</a><samp data-depth=2 class=sf-dump-compact>
    #<span class=sf-dump-protected title=\"Protected property\">items</span>: <span class=sf-dump-note>array:3</span> [<samp data-depth=3 class=sf-dump-compact>
      <span class=sf-dump-index>0</span> => <span class=\"sf-dump-note sf-dump-ellipsization\" title=\"App\\Models\\Inspection
\"><span class=\"sf-dump-ellipsis sf-dump-ellipsis-note\">App\\Models</span><span class=\"sf-dump-ellipsis sf-dump-ellipsis-note\">\\</span><span class=\"sf-dump-ellipsis-tail\">Inspection</span></span> {<a class=sf-dump-ref>#1654</a> &#8230;30}
      <span class=sf-dump-index>1</span> => <span class=\"sf-dump-note sf-dump-ellipsization\" title=\"App\\Models\\Inspection
\"><span class=\"sf-dump-ellipsis sf-dump-ellipsis-note\">App\\Models</span><span class=\"sf-dump-ellipsis sf-dump-ellipsis-note\">\\</span><span class=\"sf-dump-ellipsis-tail\">Inspection</span></span> {<a class=sf-dump-ref>#1655</a> &#8230;30}
      <span class=sf-dump-index>2</span> => <span class=\"sf-dump-note sf-dump-ellipsization\" title=\"App\\Models\\Inspection
\"><span class=\"sf-dump-ellipsis sf-dump-ellipsis-note\">App\\Models</span><span class=\"sf-dump-ellipsis sf-dump-ellipsis-note\">\\</span><span class=\"sf-dump-ellipsis-tail\">Inspection</span></span> {<a class=sf-dump-ref>#1656</a> &#8230;30}
    </samp>]
    #<span class=sf-dump-protected title=\"Protected property\">escapeWhenCastingToString</span>: <span class=sf-dump-const>false</span>
  </samp>}
  #<span class=sf-dump-protected title=\"Protected property\">perPage</span>: <span class=sf-dump-num>10</span>
  #<span class=sf-dump-protected title=\"Protected property\">currentPage</span>: <span class=sf-dump-num>1</span>
  #<span class=sf-dump-protected title=\"Protected property\">path</span>: \"<span class=sf-dump-str title=\"33 characters\">http://127.0.0.1:8000/inspections</span>\"
  #<span class=sf-dump-protected title=\"Protected property\">query</span>: []
  #<span class=sf-dump-protected title=\"Protected property\">fragment</span>: <span class=sf-dump-const>null</span>
  #<span class=sf-dump-protected title=\"Protected property\">pageName</span>: \"<span class=sf-dump-str title=\"4 characters\">page</span>\"
  +<span class=sf-dump-public title=\"Public property\">onEachSide</span>: <span class=sf-dump-num>3</span>
  #<span class=sf-dump-protected title=\"Protected property\">options</span>: <span class=sf-dump-note>array:2</span> [<samp data-depth=2 class=sf-dump-compact>
    \"<span class=sf-dump-key>path</span>\" => \"<span class=sf-dump-str title=\"33 characters\">http://127.0.0.1:8000/inspections</span>\"
    \"<span class=sf-dump-key>pageName</span>\" => \"<span class=sf-dump-str title=\"4 characters\">page</span>\"
  </samp>]
  #<span class=sf-dump-protected title=\"Protected property\">total</span>: <span class=sf-dump-num>3</span>
  #<span class=sf-dump-protected title=\"Protected property\">lastPage</span>: <span class=sf-dump-num>1</span>
</samp>}
</pre><script>Sfdump(\"sf-dump-1476687313\", {\"maxDepth\":3,\"maxStringLength\":160})</script>
"}},"userId":1,"exception":"[object] (Spatie\\LaravelIgnition\\Exceptions\\ViewException(code: 0): Route [inspection.destroy] not defined. at C:/laragon/www/DEFEXSNAP-BACKED-defectguru/vendor/laravel/framework/src/Illuminate/Routing/UrlGenerator.php:477)
[stacktrace]
#0 C:/laragon/www/DEFEXSNAP-BACKED-defectguru/vendor/laravel/framework/src/Illuminate/Foundation/helpers.php(811): Illuminate/Routing/UrlGenerator->route('inspection.dest...', 3, true)
#1 C:/laragon/www/DEFEXSNAP-BACKED-defectguru/resources/views/inspections/index.blade.php(139): route('inspection.dest...', 3)
#2 C:/laragon/www/DEFEXSNAP-BACKED-defectguru/vendor/laravel/framework/src/Illuminate/Filesystem/Filesystem.php(123): require('C://laragon//www//...')
#3 C:/laragon/www/DEFEXSNAP-BACKED-defectguru/vendor/laravel/framework/src/Illuminate/Filesystem/Filesystem.php(124): Illuminate/Filesystem/Filesystem::Illuminate/Filesystem/{closure}()
#4 C:/laragon/www/DEFEXSNAP-BACKED-defectguru/vendor/laravel/framework/src/Illuminate/View/Engines/PhpEngine.php(58): Illuminate/Filesystem/Filesystem->getRequire('C://laragon//www//...', Array)
#5 C:/laragon/www/DEFEXSNAP-BACKED-defectguru/vendor/livewire/livewire/src/Mechanisms/ExtendBlade/ExtendedCompilerEngine.php(22): Illuminate/View/Engines/PhpEngine->evaluatePath('C://laragon//www//...', Array)
#6 C:/laragon/www/DEFEXSNAP-BACKED-defectguru/vendor/laravel/framework/src/Illuminate/View/Engines/CompilerEngine.php(72): Livewire/Mechanisms/ExtendBlade/ExtendedCompilerEngine->evaluatePath('C://laragon//www//...', Array)
#7 C:/laragon/www/DEFEXSNAP-BACKED-defectguru/vendor/livewire/livewire/src/Mechanisms/ExtendBlade/ExtendedCompilerEngine.php(10): Illuminate/View/Engines/CompilerEngine->get('C://laragon//www//...', Array)
#8 C:/laragon/www/DEFEXSNAP-BACKED-defectguru/vendor/laravel/framework/src/Illuminate/View/View.php(207): Livewire/Mechanisms/ExtendBlade/ExtendedCompilerEngine->get('C://laragon//www//...', Array)
#9 C:/laragon/www/DEFEXSNAP-BACKED-defectguru/vendor/laravel/framework/src/Illuminate/View/View.php(190): Illuminate/View/View->getContents()
#10 C:/laragon/www/DEFEXSNAP-BACKED-defectguru/vendor/laravel/framework/src/Illuminate/View/View.php(159): Illuminate/View/View->renderContents()
#11 C:/laragon/www/DEFEXSNAP-BACKED-defectguru/vendor/laravel/framework/src/Illuminate/Http/Response.php(69): Illuminate/View/View->render()
#12 C:/laragon/www/DEFEXSNAP-BACKED-defectguru/vendor/laravel/framework/src/Illuminate/Http/Response.php(35): Illuminate/Http/Response->setContent(Object(Illuminate/View/View))
#13 C:/laragon/www/DEFEXSNAP-BACKED-defectguru/vendor/laravel/framework/src/Illuminate/Routing/Router.php(918): Illuminate/Http/Response->__construct(Object(Illuminate/View/View), 200, Array)
#14 C:/laragon/www/DEFEXSNAP-BACKED-defectguru/vendor/laravel/framework/src/Illuminate/Routing/Router.php(885): Illuminate/Routing/Router::toResponse(Object(Illuminate/Http/Request), Object(Illuminate/View/View))
#15 C:/laragon/www/DEFEXSNAP-BACKED-defectguru/vendor/laravel/framework/src/Illuminate/Routing/Router.php(806): Illuminate/Routing/Router->prepareResponse(Object(Illuminate/Http/Request), Object(Illuminate/View/View))
#16 C:/laragon/www/DEFEXSNAP-BACKED-defectguru/vendor/laravel/framework/src/Illuminate/Pipeline/Pipeline.php(144): Illuminate/Routing/Router->Illuminate/Routing/{closure}(Object(Illuminate/Http/Request))
#17 C:/laragon/www/DEFEXSNAP-BACKED-defectguru/vendor/laravel/framework/src/Illuminate/Routing/Middleware/SubstituteBindings.php(50): Illuminate/Pipeline/Pipeline->Illuminate/Pipeline/{closure}(Object(Illuminate/Http/Request))
#18 C:/laragon/www/DEFEXSNAP-BACKED-defectguru/vendor/laravel/framework/src/Illuminate/Pipeline/Pipeline.php(183): Illuminate/Routing/Middleware/SubstituteBindings->handle(Object(Illuminate/Http/Request), Object(Closure))
#19 C:/laragon/www/DEFEXSNAP-BACKED-defectguru/vendor/laravel/framework/src/Illuminate/Auth/Middleware/Authenticate.php(57): Illuminate/Pipeline/Pipeline->Illuminate/Pipeline/{closure}(Object(Illuminate/Http/Request))
#20 C:/laragon/www/DEFEXSNAP-BACKED-defectguru/vendor/laravel/framework/src/Illuminate/Pipeline/Pipeline.php(183): Illuminate/Auth/Middleware/Authenticate->handle(Object(Illuminate/Http/Request), Object(Closure))
#21 C:/laragon/www/DEFEXSNAP-BACKED-defectguru/vendor/laravel/framework/src/Illuminate/Foundation/Http/Middleware/VerifyCsrfToken.php(78): Illuminate/Pipeline/Pipeline->Illuminate/Pipeline/{closure}(Object(Illuminate/Http/Request))
#22 C:/laragon/www/DEFEXSNAP-BACKED-defectguru/vendor/laravel/framework/src/Illuminate/Pipeline/Pipeline.php(183): Illuminate/Foundation/Http/Middleware/VerifyCsrfToken->handle(Object(Illuminate/Http/Request), Object(Closure))
#23 C:/laragon/www/DEFEXSNAP-BACKED-defectguru/vendor/laravel/framework/src/Illuminate/View/Middleware/ShareErrorsFromSession.php(49): Illuminate/Pipeline/Pipeline->Illuminate/Pipeline/{closure}(Object(Illuminate/Http/Request))
#24 C:/laragon/www/DEFEXSNAP-BACKED-defectguru/vendor/laravel/framework/src/Illuminate/Pipeline/Pipeline.php(183): Illuminate/View/Middleware/ShareErrorsFromSession->handle(Object(Illuminate/Http/Request), Object(Closure))
#25 C:/laragon/www/DEFEXSNAP-BACKED-defectguru/vendor/laravel/framework/src/Illuminate/Session/Middleware/StartSession.php(121): Illuminate/Pipeline/Pipeline->Illuminate/Pipeline/{closure}(Object(Illuminate/Http/Request))
#26 C:/laragon/www/DEFEXSNAP-BACKED-defectguru/vendor/laravel/framework/src/Illuminate/Session/Middleware/StartSession.php(64): Illuminate/Session/Middleware/StartSession->handleStatefulRequest(Object(Illuminate/Http/Request), Object(Illuminate/Session/Store), Object(Closure))
#27 C:/laragon/www/DEFEXSNAP-BACKED-defectguru/vendor/laravel/framework/src/Illuminate/Pipeline/Pipeline.php(183): Illuminate/Session/Middleware/StartSession->handle(Object(Illuminate/Http/Request), Object(Closure))
#28 C:/laragon/www/DEFEXSNAP-BACKED-defectguru/vendor/laravel/framework/src/Illuminate/Cookie/Middleware/AddQueuedCookiesToResponse.php(37): Illuminate/Pipeline/Pipeline->Illuminate/Pipeline/{closure}(Object(Illuminate/Http/Request))
#29 C:/laragon/www/DEFEXSNAP-BACKED-defectguru/vendor/laravel/framework/src/Illuminate/Pipeline/Pipeline.php(183): Illuminate/Cookie/Middleware/AddQueuedCookiesToResponse->handle(Object(Illuminate/Http/Request), Object(Closure))
#30 C:/laragon/www/DEFEXSNAP-BACKED-defectguru/vendor/laravel/framework/src/Illuminate/Cookie/Middleware/EncryptCookies.php(67): Illuminate/Pipeline/Pipeline->Illuminate/Pipeline/{closure}(Object(Illuminate/Http/Request))
#31 C:/laragon/www/DEFEXSNAP-BACKED-defectguru/vendor/laravel/framework/src/Illuminate/Pipeline/Pipeline.php(183): Illuminate/Cookie/Middleware/EncryptCookies->handle(Object(Illuminate/Http/Request), Object(Closure))
#32 C:/laragon/www/DEFEXSNAP-BACKED-defectguru/vendor/laravel/framework/src/Illuminate/Pipeline/Pipeline.php(119): Illuminate/Pipeline/Pipeline->Illuminate/Pipeline/{closure}(Object(Illuminate/Http/Request))
#33 C:/laragon/www/DEFEXSNAP-BACKED-defectguru/vendor/laravel/framework/src/Illuminate/Routing/Router.php(807): Illuminate/Pipeline/Pipeline->then(Object(Closure))
#34 C:/laragon/www/DEFEXSNAP-BACKED-defectguru/vendor/laravel/framework/src/Illuminate/Routing/Router.php(784): Illuminate/Routing/Router->runRouteWithinStack(Object(Illuminate/Routing/Route), Object(Illuminate/Http/Request))
#35 C:/laragon/www/DEFEXSNAP-BACKED-defectguru/vendor/laravel/framework/src/Illuminate/Routing/Router.php(748): Illuminate/Routing/Router->runRoute(Object(Illuminate/Http/Request), Object(Illuminate/Routing/Route))
#36 C:/laragon/www/DEFEXSNAP-BACKED-defectguru/vendor/laravel/framework/src/Illuminate/Routing/Router.php(737): Illuminate/Routing/Router->dispatchToRoute(Object(Illuminate/Http/Request))
#37 C:/laragon/www/DEFEXSNAP-BACKED-defectguru/vendor/laravel/framework/src/Illuminate/Foundation/Http/Kernel.php(200): Illuminate/Routing/Router->dispatch(Object(Illuminate/Http/Request))
#38 C:/laragon/www/DEFEXSNAP-BACKED-defectguru/vendor/laravel/framework/src/Illuminate/Pipeline/Pipeline.php(144): Illuminate/Foundation/Http/Kernel->Illuminate/Foundation/Http/{closure}(Object(Illuminate/Http/Request))
#39 C:/laragon/www/DEFEXSNAP-BACKED-defectguru/vendor/livewire/livewire/src/Features/SupportDisablingBackButtonCache/DisableBackButtonCacheMiddleware.php(19): Illuminate/Pipeline/Pipeline->Illuminate/Pipeline/{closure}(Object(Illuminate/Http/Request))
#40 C:/laragon/www/DEFEXSNAP-BACKED-defectguru/vendor/laravel/framework/src/Illuminate/Pipeline/Pipeline.php(183): Livewire/Features/SupportDisablingBackButtonCache/DisableBackButtonCacheMiddleware->handle(Object(Illuminate/Http/Request), Object(Closure))
#41 C:/laragon/www/DEFEXSNAP-BACKED-defectguru/vendor/laravel/framework/src/Illuminate/Foundation/Http/Middleware/TransformsRequest.php(21): Illuminate/Pipeline/Pipeline->Illuminate/Pipeline/{closure}(Object(Illuminate/Http/Request))
#42 C:/laragon/www/DEFEXSNAP-BACKED-defectguru/vendor/laravel/framework/src/Illuminate/Foundation/Http/Middleware/ConvertEmptyStringsToNull.php(31): Illuminate/Foundation/Http/Middleware/TransformsRequest->handle(Object(Illuminate/Http/Request), Object(Closure))
#43 C:/laragon/www/DEFEXSNAP-BACKED-defectguru/vendor/laravel/framework/src/Illuminate/Pipeline/Pipeline.php(183): Illuminate/Foundation/Http/Middleware/ConvertEmptyStringsToNull->handle(Object(Illuminate/Http/Request), Object(Closure))
#44 C:/laragon/www/DEFEXSNAP-BACKED-defectguru/vendor/laravel/framework/src/Illuminate/Foundation/Http/Middleware/TransformsRequest.php(21): Illuminate/Pipeline/Pipeline->Illuminate/Pipeline/{closure}(Object(Illuminate/Http/Request))
#45 C:/laragon/www/DEFEXSNAP-BACKED-defectguru/vendor/laravel/framework/src/Illuminate/Foundation/Http/Middleware/TrimStrings.php(40): Illuminate/Foundation/Http/Middleware/TransformsRequest->handle(Object(Illuminate/Http/Request), Object(Closure))
#46 C:/laragon/www/DEFEXSNAP-BACKED-defectguru/vendor/laravel/framework/src/Illuminate/Pipeline/Pipeline.php(183): Illuminate/Foundation/Http/Middleware/TrimStrings->handle(Object(Illuminate/Http/Request), Object(Closure))
#47 C:/laragon/www/DEFEXSNAP-BACKED-defectguru/vendor/laravel/framework/src/Illuminate/Foundation/Http/Middleware/ValidatePostSize.php(27): Illuminate/Pipeline/Pipeline->Illuminate/Pipeline/{closure}(Object(Illuminate/Http/Request))
#48 C:/laragon/www/DEFEXSNAP-BACKED-defectguru/vendor/laravel/framework/src/Illuminate/Pipeline/Pipeline.php(183): Illuminate/Foundation/Http/Middleware/ValidatePostSize->handle(Object(Illuminate/Http/Request), Object(Closure))
#49 C:/laragon/www/DEFEXSNAP-BACKED-defectguru/vendor/laravel/framework/src/Illuminate/Foundation/Http/Middleware/PreventRequestsDuringMaintenance.php(99): Illuminate/Pipeline/Pipeline->Illuminate/Pipeline/{closure}(Object(Illuminate/Http/Request))
#50 C:/laragon/www/DEFEXSNAP-BACKED-defectguru/vendor/laravel/framework/src/Illuminate/Pipeline/Pipeline.php(183): Illuminate/Foundation/Http/Middleware/PreventRequestsDuringMaintenance->handle(Object(Illuminate/Http/Request), Object(Closure))
#51 C:/laragon/www/DEFEXSNAP-BACKED-defectguru/vendor/laravel/framework/src/Illuminate/Http/Middleware/HandleCors.php(49): Illuminate/Pipeline/Pipeline->Illuminate/Pipeline/{closure}(Object(Illuminate/Http/Request))
#52 C:/laragon/www/DEFEXSNAP-BACKED-defectguru/vendor/laravel/framework/src/Illuminate/Pipeline/Pipeline.php(183): Illuminate/Http/Middleware/HandleCors->handle(Object(Illuminate/Http/Request), Object(Closure))
#53 C:/laragon/www/DEFEXSNAP-BACKED-defectguru/vendor/laravel/framework/src/Illuminate/Http/Middleware/TrustProxies.php(39): Illuminate/Pipeline/Pipeline->Illuminate/Pipeline/{closure}(Object(Illuminate/Http/Request))
#54 C:/laragon/www/DEFEXSNAP-BACKED-defectguru/vendor/laravel/framework/src/Illuminate/Pipeline/Pipeline.php(183): Illuminate/Http/Middleware/TrustProxies->handle(Object(Illuminate/Http/Request), Object(Closure))
#55 C:/laragon/www/DEFEXSNAP-BACKED-defectguru/vendor/laravel/framework/src/Illuminate/Pipeline/Pipeline.php(119): Illuminate/Pipeline/Pipeline->Illuminate/Pipeline/{closure}(Object(Illuminate/Http/Request))
#56 C:/laragon/www/DEFEXSNAP-BACKED-defectguru/vendor/laravel/framework/src/Illuminate/Foundation/Http/Kernel.php(175): Illuminate/Pipeline/Pipeline->then(Object(Closure))
#57 C:/laragon/www/DEFEXSNAP-BACKED-defectguru/vendor/laravel/framework/src/Illuminate/Foundation/Http/Kernel.php(144): Illuminate/Foundation/Http/Kernel->sendRequestThroughRouter(Object(Illuminate/Http/Request))
#58 C:/laragon/www/DEFEXSNAP-BACKED-defectguru/public/index.php(52): Illuminate/Foundation/Http/Kernel->handle(Object(Illuminate/Http/Request))
#59 C:/laragon/www/DEFEXSNAP-BACKED-defectguru/vendor/laravel/framework/src/Illuminate/Foundation/resources/server.php(16): require_once('C://laragon//www//...')
#60 {main}

[previous exception] [object] (Symfony\\Component\\Routing\\Exception\\RouteNotFoundException(code: 0): Route [inspection.destroy] not defined. at C:/laragon/www/DEFEXSNAP-BACKED-defectguru/vendor/laravel/framework/src/Illuminate/Routing/UrlGenerator.php:477)
[stacktrace]
#0 C:/laragon/www/DEFEXSNAP-BACKED-defectguru/vendor/laravel/framework/src/Illuminate/Foundation/helpers.php(811): Illuminate/Routing/UrlGenerator->route('inspection.dest...', 3, true)
#1 C:/laragon/www/DEFEXSNAP-BACKED-defectguru/storage/framework/views/a4c140f0cf77dd3e1d6da7cdb85dd6b4.php(139): route('inspection.dest...', 3)
#2 C:/laragon/www/DEFEXSNAP-BACKED-defectguru/vendor/laravel/framework/src/Illuminate/Filesystem/Filesystem.php(123): require('C://laragon//www//...')
#3 C:/laragon/www/DEFEXSNAP-BACKED-defectguru/vendor/laravel/framework/src/Illuminate/Filesystem/Filesystem.php(124): Illuminate/Filesystem/Filesystem::Illuminate/Filesystem/{closure}()
#4 C:/laragon/www/DEFEXSNAP-BACKED-defectguru/vendor/laravel/framework/src/Illuminate/View/Engines/PhpEngine.php(58): Illuminate/Filesystem/Filesystem->getRequire('C://laragon//www//...', Array)
#5 C:/laragon/www/DEFEXSNAP-BACKED-defectguru/vendor/livewire/livewire/src/Mechanisms/ExtendBlade/ExtendedCompilerEngine.php(22): Illuminate/View/Engines/PhpEngine->evaluatePath('C://laragon//www//...', Array)
#6 C:/laragon/www/DEFEXSNAP-BACKED-defectguru/vendor/laravel/framework/src/Illuminate/View/Engines/CompilerEngine.php(72): Livewire/Mechanisms/ExtendBlade/ExtendedCompilerEngine->evaluatePath('C://laragon//www//...', Array)
#7 C:/laragon/www/DEFEXSNAP-BACKED-defectguru/vendor/livewire/livewire/src/Mechanisms/ExtendBlade/ExtendedCompilerEngine.php(10): Illuminate/View/Engines/CompilerEngine->get('C://laragon//www//...', Array)
#8 C:/laragon/www/DEFEXSNAP-BACKED-defectguru/vendor/laravel/framework/src/Illuminate/View/View.php(207): Livewire/Mechanisms/ExtendBlade/ExtendedCompilerEngine->get('C://laragon//www//...', Array)
#9 C:/laragon/www/DEFEXSNAP-BACKED-defectguru/vendor/laravel/framework/src/Illuminate/View/View.php(190): Illuminate/View/View->getContents()
#10 C:/laragon/www/DEFEXSNAP-BACKED-defectguru/vendor/laravel/framework/src/Illuminate/View/View.php(159): Illuminate/View/View->renderContents()
#11 C:/laragon/www/DEFEXSNAP-BACKED-defectguru/vendor/laravel/framework/src/Illuminate/Http/Response.php(69): Illuminate/View/View->render()
#12 C:/laragon/www/DEFEXSNAP-BACKED-defectguru/vendor/laravel/framework/src/Illuminate/Http/Response.php(35): Illuminate/Http/Response->setContent(Object(Illuminate/View/View))
#13 C:/laragon/www/DEFEXSNAP-BACKED-defectguru/vendor/laravel/framework/src/Illuminate/Routing/Router.php(918): Illuminate/Http/Response->__construct(Object(Illuminate/View/View), 200, Array)
#14 C:/laragon/www/DEFEXSNAP-BACKED-defectguru/vendor/laravel/framework/src/Illuminate/Routing/Router.php(885): Illuminate/Routing/Router::toResponse(Object(Illuminate/Http/Request), Object(Illuminate/View/View))
#15 C:/laragon/www/DEFEXSNAP-BACKED-defectguru/vendor/laravel/framework/src/Illuminate/Routing/Router.php(806): Illuminate/Routing/Router->prepareResponse(Object(Illuminate/Http/Request), Object(Illuminate/View/View))
#16 C:/laragon/www/DEFEXSNAP-BACKED-defectguru/vendor/laravel/framework/src/Illuminate/Pipeline/Pipeline.php(144): Illuminate/Routing/Router->Illuminate/Routing/{closure}(Object(Illuminate/Http/Request))
#17 C:/laragon/www/DEFEXSNAP-BACKED-defectguru/vendor/laravel/framework/src/Illuminate/Routing/Middleware/SubstituteBindings.php(50): Illuminate/Pipeline/Pipeline->Illuminate/Pipeline/{closure}(Object(Illuminate/Http/Request))
#18 C:/laragon/www/DEFEXSNAP-BACKED-defectguru/vendor/laravel/framework/src/Illuminate/Pipeline/Pipeline.php(183): Illuminate/Routing/Middleware/SubstituteBindings->handle(Object(Illuminate/Http/Request), Object(Closure))
#19 C:/laragon/www/DEFEXSNAP-BACKED-defectguru/vendor/laravel/framework/src/Illuminate/Auth/Middleware/Authenticate.php(57): Illuminate/Pipeline/Pipeline->Illuminate/Pipeline/{closure}(Object(Illuminate/Http/Request))
#20 C:/laragon/www/DEFEXSNAP-BACKED-defectguru/vendor/laravel/framework/src/Illuminate/Pipeline/Pipeline.php(183): Illuminate/Auth/Middleware/Authenticate->handle(Object(Illuminate/Http/Request), Object(Closure))
#21 C:/laragon/www/DEFEXSNAP-BACKED-defectguru/vendor/laravel/framework/src/Illuminate/Foundation/Http/Middleware/VerifyCsrfToken.php(78): Illuminate/Pipeline/Pipeline->Illuminate/Pipeline/{closure}(Object(Illuminate/Http/Request))
#22 C:/laragon/www/DEFEXSNAP-BACKED-defectguru/vendor/laravel/framework/src/Illuminate/Pipeline/Pipeline.php(183): Illuminate/Foundation/Http/Middleware/VerifyCsrfToken->handle(Object(Illuminate/Http/Request), Object(Closure))
#23 C:/laragon/www/DEFEXSNAP-BACKED-defectguru/vendor/laravel/framework/src/Illuminate/View/Middleware/ShareErrorsFromSession.php(49): Illuminate/Pipeline/Pipeline->Illuminate/Pipeline/{closure}(Object(Illuminate/Http/Request))
#24 C:/laragon/www/DEFEXSNAP-BACKED-defectguru/vendor/laravel/framework/src/Illuminate/Pipeline/Pipeline.php(183): Illuminate/View/Middleware/ShareErrorsFromSession->handle(Object(Illuminate/Http/Request), Object(Closure))
#25 C:/laragon/www/DEFEXSNAP-BACKED-defectguru/vendor/laravel/framework/src/Illuminate/Session/Middleware/StartSession.php(121): Illuminate/Pipeline/Pipeline->Illuminate/Pipeline/{closure}(Object(Illuminate/Http/Request))
#26 C:/laragon/www/DEFEXSNAP-BACKED-defectguru/vendor/laravel/framework/src/Illuminate/Session/Middleware/StartSession.php(64): Illuminate/Session/Middleware/StartSession->handleStatefulRequest(Object(Illuminate/Http/Request), Object(Illuminate/Session/Store), Object(Closure))
#27 C:/laragon/www/DEFEXSNAP-BACKED-defectguru/vendor/laravel/framework/src/Illuminate/Pipeline/Pipeline.php(183): Illuminate/Session/Middleware/StartSession->handle(Object(Illuminate/Http/Request), Object(Closure))
#28 C:/laragon/www/DEFEXSNAP-BACKED-defectguru/vendor/laravel/framework/src/Illuminate/Cookie/Middleware/AddQueuedCookiesToResponse.php(37): Illuminate/Pipeline/Pipeline->Illuminate/Pipeline/{closure}(Object(Illuminate/Http/Request))
#29 C:/laragon/www/DEFEXSNAP-BACKED-defectguru/vendor/laravel/framework/src/Illuminate/Pipeline/Pipeline.php(183): Illuminate/Cookie/Middleware/AddQueuedCookiesToResponse->handle(Object(Illuminate/Http/Request), Object(Closure))
#30 C:/laragon/www/DEFEXSNAP-BACKED-defectguru/vendor/laravel/framework/src/Illuminate/Cookie/Middleware/EncryptCookies.php(67): Illuminate/Pipeline/Pipeline->Illuminate/Pipeline/{closure}(Object(Illuminate/Http/Request))
#31 C:/laragon/www/DEFEXSNAP-BACKED-defectguru/vendor/laravel/framework/src/Illuminate/Pipeline/Pipeline.php(183): Illuminate/Cookie/Middleware/EncryptCookies->handle(Object(Illuminate/Http/Request), Object(Closure))
#32 C:/laragon/www/DEFEXSNAP-BACKED-defectguru/vendor/laravel/framework/src/Illuminate/Pipeline/Pipeline.php(119): Illuminate/Pipeline/Pipeline->Illuminate/Pipeline/{closure}(Object(Illuminate/Http/Request))
#33 C:/laragon/www/DEFEXSNAP-BACKED-defectguru/vendor/laravel/framework/src/Illuminate/Routing/Router.php(807): Illuminate/Pipeline/Pipeline->then(Object(Closure))
#34 C:/laragon/www/DEFEXSNAP-BACKED-defectguru/vendor/laravel/framework/src/Illuminate/Routing/Router.php(784): Illuminate/Routing/Router->runRouteWithinStack(Object(Illuminate/Routing/Route), Object(Illuminate/Http/Request))
#35 C:/laragon/www/DEFEXSNAP-BACKED-defectguru/vendor/laravel/framework/src/Illuminate/Routing/Router.php(748): Illuminate/Routing/Router->runRoute(Object(Illuminate/Http/Request), Object(Illuminate/Routing/Route))
#36 C:/laragon/www/DEFEXSNAP-BACKED-defectguru/vendor/laravel/framework/src/Illuminate/Routing/Router.php(737): Illuminate/Routing/Router->dispatchToRoute(Object(Illuminate/Http/Request))
#37 C:/laragon/www/DEFEXSNAP-BACKED-defectguru/vendor/laravel/framework/src/Illuminate/Foundation/Http/Kernel.php(200): Illuminate/Routing/Router->dispatch(Object(Illuminate/Http/Request))
#38 C:/laragon/www/DEFEXSNAP-BACKED-defectguru/vendor/laravel/framework/src/Illuminate/Pipeline/Pipeline.php(144): Illuminate/Foundation/Http/Kernel->Illuminate/Foundation/Http/{closure}(Object(Illuminate/Http/Request))
#39 C:/laragon/www/DEFEXSNAP-BACKED-defectguru/vendor/livewire/livewire/src/Features/SupportDisablingBackButtonCache/DisableBackButtonCacheMiddleware.php(19): Illuminate/Pipeline/Pipeline->Illuminate/Pipeline/{closure}(Object(Illuminate/Http/Request))
#40 C:/laragon/www/DEFEXSNAP-BACKED-defectguru/vendor/laravel/framework/src/Illuminate/Pipeline/Pipeline.php(183): Livewire/Features/SupportDisablingBackButtonCache/DisableBackButtonCacheMiddleware->handle(Object(Illuminate/Http/Request), Object(Closure))
#41 C:/laragon/www/DEFEXSNAP-BACKED-defectguru/vendor/laravel/framework/src/Illuminate/Foundation/Http/Middleware/TransformsRequest.php(21): Illuminate/Pipeline/Pipeline->Illuminate/Pipeline/{closure}(Object(Illuminate/Http/Request))
#42 C:/laragon/www/DEFEXSNAP-BACKED-defectguru/vendor/laravel/framework/src/Illuminate/Foundation/Http/Middleware/ConvertEmptyStringsToNull.php(31): Illuminate/Foundation/Http/Middleware/TransformsRequest->handle(Object(Illuminate/Http/Request), Object(Closure))
#43 C:/laragon/www/DEFEXSNAP-BACKED-defectguru/vendor/laravel/framework/src/Illuminate/Pipeline/Pipeline.php(183): Illuminate/Foundation/Http/Middleware/ConvertEmptyStringsToNull->handle(Object(Illuminate/Http/Request), Object(Closure))
#44 C:/laragon/www/DEFEXSNAP-BACKED-defectguru/vendor/laravel/framework/src/Illuminate/Foundation/Http/Middleware/TransformsRequest.php(21): Illuminate/Pipeline/Pipeline->Illuminate/Pipeline/{closure}(Object(Illuminate/Http/Request))
#45 C:/laragon/www/DEFEXSNAP-BACKED-defectguru/vendor/laravel/framework/src/Illuminate/Foundation/Http/Middleware/TrimStrings.php(40): Illuminate/Foundation/Http/Middleware/TransformsRequest->handle(Object(Illuminate/Http/Request), Object(Closure))
#46 C:/laragon/www/DEFEXSNAP-BACKED-defectguru/vendor/laravel/framework/src/Illuminate/Pipeline/Pipeline.php(183): Illuminate/Foundation/Http/Middleware/TrimStrings->handle(Object(Illuminate/Http/Request), Object(Closure))
#47 C:/laragon/www/DEFEXSNAP-BACKED-defectguru/vendor/laravel/framework/src/Illuminate/Foundation/Http/Middleware/ValidatePostSize.php(27): Illuminate/Pipeline/Pipeline->Illuminate/Pipeline/{closure}(Object(Illuminate/Http/Request))
#48 C:/laragon/www/DEFEXSNAP-BACKED-defectguru/vendor/laravel/framework/src/Illuminate/Pipeline/Pipeline.php(183): Illuminate/Foundation/Http/Middleware/ValidatePostSize->handle(Object(Illuminate/Http/Request), Object(Closure))
#49 C:/laragon/www/DEFEXSNAP-BACKED-defectguru/vendor/laravel/framework/src/Illuminate/Foundation/Http/Middleware/PreventRequestsDuringMaintenance.php(99): Illuminate/Pipeline/Pipeline->Illuminate/Pipeline/{closure}(Object(Illuminate/Http/Request))
#50 C:/laragon/www/DEFEXSNAP-BACKED-defectguru/vendor/laravel/framework/src/Illuminate/Pipeline/Pipeline.php(183): Illuminate/Foundation/Http/Middleware/PreventRequestsDuringMaintenance->handle(Object(Illuminate/Http/Request), Object(Closure))
#51 C:/laragon/www/DEFEXSNAP-BACKED-defectguru/vendor/laravel/framework/src/Illuminate/Http/Middleware/HandleCors.php(49): Illuminate/Pipeline/Pipeline->Illuminate/Pipeline/{closure}(Object(Illuminate/Http/Request))
#52 C:/laragon/www/DEFEXSNAP-BACKED-defectguru/vendor/laravel/framework/src/Illuminate/Pipeline/Pipeline.php(183): Illuminate/Http/Middleware/HandleCors->handle(Object(Illuminate/Http/Request), Object(Closure))
#53 C:/laragon/www/DEFEXSNAP-BACKED-defectguru/vendor/laravel/framework/src/Illuminate/Http/Middleware/TrustProxies.php(39): Illuminate/Pipeline/Pipeline->Illuminate/Pipeline/{closure}(Object(Illuminate/Http/Request))
#54 C:/laragon/www/DEFEXSNAP-BACKED-defectguru/vendor/laravel/framework/src/Illuminate/Pipeline/Pipeline.php(183): Illuminate/Http/Middleware/TrustProxies->handle(Object(Illuminate/Http/Request), Object(Closure))
#55 C:/laragon/www/DEFEXSNAP-BACKED-defectguru/vendor/laravel/framework/src/Illuminate/Pipeline/Pipeline.php(119): Illuminate/Pipeline/Pipeline->Illuminate/Pipeline/{closure}(Object(Illuminate/Http/Request))
#56 C:/laragon/www/DEFEXSNAP-BACKED-defectguru/vendor/laravel/framework/src/Illuminate/Foundation/Http/Kernel.php(175): Illuminate/Pipeline/Pipeline->then(Object(Closure))
#57 C:/laragon/www/DEFEXSNAP-BACKED-defectguru/vendor/laravel/framework/src/Illuminate/Foundation/Http/Kernel.php(144): Illuminate/Foundation/Http/Kernel->sendRequestThroughRouter(Object(Illuminate/Http/Request))
#58 C:/laragon/www/DEFEXSNAP-BACKED-defectguru/public/index.php(52): Illuminate/Foundation/Http/Kernel->handle(Object(Illuminate/Http/Request))
#59 C:/laragon/www/DEFEXSNAP-BACKED-defectguru/vendor/laravel/framework/src/Illuminate/Foundation/resources/server.php(16): require_once('C://laragon//www//...')
#60 {main}
"} 
[2026-08-29 19:26:19] local.ERROR: Route [inspection.destroy] not defined. {"view":{"view":"C:\\laragon\\www\\DEFEXSNAP-BACKED-defectguru\\resources\\views\\inspections\\index.blade.php","data":{"errors":"<pre class=sf-dump id=sf-dump-60157772 data-indent-pad=\"  \"><span class=sf-dump-note>Illuminate\\Support\\ViewErrorBag</span> {<a class=sf-dump-ref>#1609</a><samp data-depth=1 class=sf-dump-expanded>
  #<span class=sf-dump-protected title=\"Protected property\">bags</span>: []
</samp>}
</pre><script>Sfdump(\"sf-dump-60157772\", {\"maxDepth\":3,\"maxStringLength\":160})</script>
","inspections":"<pre class=sf-dump id=sf-dump-1508448723 data-indent-pad=\"  \"><span class=sf-dump-note>Illuminate\\Pagination\\LengthAwarePaginator</span> {<a class=sf-dump-ref>#1652</a><samp data-depth=1 class=sf-dump-expanded>
  #<span class=sf-dump-protected title=\"Protected property\">items</span>: <span class=\"sf-dump-note sf-dump-ellipsization\" title=\"Illuminate\\Database\\Eloquent\\Collection
\"><span class=\"sf-dump-ellipsis sf-dump-ellipsis-note\">Illuminate\\Database\\Eloquent</span><span class=\"sf-dump-ellipsis sf-dump-ellipsis-note\">\\</span><span class=\"sf-dump-ellipsis-tail\">Collection</span></span> {<a class=sf-dump-ref>#1649</a><samp data-depth=2 class=sf-dump-compact>
    #<span class=sf-dump-protected title=\"Protected property\">items</span>: <span class=sf-dump-note>array:3</span> [<samp data-depth=3 class=sf-dump-compact>
      <span class=sf-dump-index>0</span> => <span class=\"sf-dump-note sf-dump-ellipsization\" title=\"App\\Models\\Inspection
\"><span class=\"sf-dump-ellipsis sf-dump-ellipsis-note\">App\\Models</span><span class=\"sf-dump-ellipsis sf-dump-ellipsis-note\">\\</span><span class=\"sf-dump-ellipsis-tail\">Inspection</span></span> {<a class=sf-dump-ref>#1654</a> &#8230;30}
      <span class=sf-dump-index>1</span> => <span class=\"sf-dump-note sf-dump-ellipsization\" title=\"App\\Models\\Inspection
\"><span class=\"sf-dump-ellipsis sf-dump-ellipsis-note\">App\\Models</span><span class=\"sf-dump-ellipsis sf-dump-ellipsis-note\">\\</span><span class=\"sf-dump-ellipsis-tail\">Inspection</span></span> {<a class=sf-dump-ref>#1655</a> &#8230;30}
      <span class=sf-dump-index>2</span> => <span class=\"sf-dump-note sf-dump-ellipsization\" title=\"App\\Models\\Inspection
\"><span class=\"sf-dump-ellipsis sf-dump-ellipsis-note\">App\\Models</span><span class=\"sf-dump-ellipsis sf-dump-ellipsis-note\">\\</span><span class=\"sf-dump-ellipsis-tail\">Inspection</span></span> {<a class=sf-dump-ref>#1656</a> &#8230;30}
    </samp>]
    #<span class=sf-dump-protected title=\"Protected property\">escapeWhenCastingToString</span>: <span class=sf-dump-const>false</span>
  </samp>}
  #<span class=sf-dump-protected title=\"Protected property\">perPage</span>: <span class=sf-dump-num>10</span>
  #<span class=sf-dump-protected title=\"Protected property\">currentPage</span>: <span class=sf-dump-num>1</span>
  #<span class=sf-dump-protected title=\"Protected property\">path</span>: \"<span class=sf-dump-str title=\"33 characters\">http://127.0.0.1:8000/inspections</span>\"
  #<span class=sf-dump-protected title=\"Protected property\">query</span>: []
  #<span class=sf-dump-protected title=\"Protected property\">fragment</span>: <span class=sf-dump-const>null</span>
  #<span class=sf-dump-protected title=\"Protected property\">pageName</span>: \"<span class=sf-dump-str title=\"4 characters\">page</span>\"
  +<span class=sf-dump-public title=\"Public property\">onEachSide</span>: <span class=sf-dump-num>3</span>
  #<span class=sf-dump-protected title=\"Protected property\">options</span>: <span class=sf-dump-note>array:2</span> [<samp data-depth=2 class=sf-dump-compact>
    \"<span class=sf-dump-key>path</span>\" => \"<span class=sf-dump-str title=\"33 characters\">http://127.0.0.1:8000/inspections</span>\"
    \"<span class=sf-dump-key>pageName</span>\" => \"<span class=sf-dump-str title=\"4 characters\">page</span>\"
  </samp>]
  #<span class=sf-dump-protected title=\"Protected property\">total</span>: <span class=sf-dump-num>3</span>
  #<span class=sf-dump-protected title=\"Protected property\">lastPage</span>: <span class=sf-dump-num>1</span>
</samp>}
</pre><script>Sfdump(\"sf-dump-1508448723\", {\"maxDepth\":3,\"maxStringLength\":160})</script>
"}},"userId":1,"exception":"[object] (Spatie\\LaravelIgnition\\Exceptions\\ViewException(code: 0): Route [inspection.destroy] not defined. at C:/laragon/www/DEFEXSNAP-BACKED-defectguru/vendor/laravel/framework/src/Illuminate/Routing/UrlGenerator.php:477)
[stacktrace]
#0 C:/laragon/www/DEFEXSNAP-BACKED-defectguru/vendor/laravel/framework/src/Illuminate/Foundation/helpers.php(811): Illuminate/Routing/UrlGenerator->route('inspection.dest...', 3, true)
#1 C:/laragon/www/DEFEXSNAP-BACKED-defectguru/resources/views/inspections/index.blade.php(139): route('inspection.dest...', 3)
#2 C:/laragon/www/DEFEXSNAP-BACKED-defectguru/vendor/laravel/framework/src/Illuminate/Filesystem/Filesystem.php(123): require('C://laragon//www//...')
#3 C:/laragon/www/DEFEXSNAP-BACKED-defectguru/vendor/laravel/framework/src/Illuminate/Filesystem/Filesystem.php(124): Illuminate/Filesystem/Filesystem::Illuminate/Filesystem/{closure}()
#4 C:/laragon/www/DEFEXSNAP-BACKED-defectguru/vendor/laravel/framework/src/Illuminate/View/Engines/PhpEngine.php(58): Illuminate/Filesystem/Filesystem->getRequire('C://laragon//www//...', Array)
#5 C:/laragon/www/DEFEXSNAP-BACKED-defectguru/vendor/livewire/livewire/src/Mechanisms/ExtendBlade/ExtendedCompilerEngine.php(22): Illuminate/View/Engines/PhpEngine->evaluatePath('C://laragon//www//...', Array)
#6 C:/laragon/www/DEFEXSNAP-BACKED-defectguru/vendor/laravel/framework/src/Illuminate/View/Engines/CompilerEngine.php(72): Livewire/Mechanisms/ExtendBlade/ExtendedCompilerEngine->evaluatePath('C://laragon//www//...', Array)
#7 C:/laragon/www/DEFEXSNAP-BACKED-defectguru/vendor/livewire/livewire/src/Mechanisms/ExtendBlade/ExtendedCompilerEngine.php(10): Illuminate/View/Engines/CompilerEngine->get('C://laragon//www//...', Array)
#8 C:/laragon/www/DEFEXSNAP-BACKED-defectguru/vendor/laravel/framework/src/Illuminate/View/View.php(207): Livewire/Mechanisms/ExtendBlade/ExtendedCompilerEngine->get('C://laragon//www//...', Array)
#9 C:/laragon/www/DEFEXSNAP-BACKED-defectguru/vendor/laravel/framework/src/Illuminate/View/View.php(190): Illuminate/View/View->getContents()
#10 C:/laragon/www/DEFEXSNAP-BACKED-defectguru/vendor/laravel/framework/src/Illuminate/View/View.php(159): Illuminate/View/View->renderContents()
#11 C:/laragon/www/DEFEXSNAP-BACKED-defectguru/vendor/laravel/framework/src/Illuminate/Http/Response.php(69): Illuminate/View/View->render()
#12 C:/laragon/www/DEFEXSNAP-BACKED-defectguru/vendor/laravel/framework/src/Illuminate/Http/Response.php(35): Illuminate/Http/Response->setContent(Object(Illuminate/View/View))
#13 C:/laragon/www/DEFEXSNAP-BACKED-defectguru/vendor/laravel/framework/src/Illuminate/Routing/Router.php(918): Illuminate/Http/Response->__construct(Object(Illuminate/View/View), 200, Array)
#14 C:/laragon/www/DEFEXSNAP-BACKED-defectguru/vendor/laravel/framework/src/Illuminate/Routing/Router.php(885): Illuminate/Routing/Router::toResponse(Object(Illuminate/Http/Request), Object(Illuminate/View/View))
#15 C:/laragon/www/DEFEXSNAP-BACKED-defectguru/vendor/laravel/framework/src/Illuminate/Routing/Router.php(806): Illuminate/Routing/Router->prepareResponse(Object(Illuminate/Http/Request), Object(Illuminate/View/View))
#16 C:/laragon/www/DEFEXSNAP-BACKED-defectguru/vendor/laravel/framework/src/Illuminate/Pipeline/Pipeline.php(144): Illuminate/Routing/Router->Illuminate/Routing/{closure}(Object(Illuminate/Http/Request))
#17 C:/laragon/www/DEFEXSNAP-BACKED-defectguru/vendor/laravel/framework/src/Illuminate/Routing/Middleware/SubstituteBindings.php(50): Illuminate/Pipeline/Pipeline->Illuminate/Pipeline/{closure}(Object(Illuminate/Http/Request))
#18 C:/laragon/www/DEFEXSNAP-BACKED-defectguru/vendor/laravel/framework/src/Illuminate/Pipeline/Pipeline.php(183): Illuminate/Routing/Middleware/SubstituteBindings->handle(Object(Illuminate/Http/Request), Object(Closure))
#19 C:/laragon/www/DEFEXSNAP-BACKED-defectguru/vendor/laravel/framework/src/Illuminate/Auth/Middleware/Authenticate.php(57): Illuminate/Pipeline/Pipeline->Illuminate/Pipeline/{closure}(Object(Illuminate/Http/Request))
#20 C:/laragon/www/DEFEXSNAP-BACKED-defectguru/vendor/laravel/framework/src/Illuminate/Pipeline/Pipeline.php(183): Illuminate/Auth/Middleware/Authenticate->handle(Object(Illuminate/Http/Request), Object(Closure))
#21 C:/laragon/www/DEFEXSNAP-BACKED-defectguru/vendor/laravel/framework/src/Illuminate/Foundation/Http/Middleware/VerifyCsrfToken.php(78): Illuminate/Pipeline/Pipeline->Illuminate/Pipeline/{closure}(Object(Illuminate/Http/Request))
#22 C:/laragon/www/DEFEXSNAP-BACKED-defectguru/vendor/laravel/framework/src/Illuminate/Pipeline/Pipeline.php(183): Illuminate/Foundation/Http/Middleware/VerifyCsrfToken->handle(Object(Illuminate/Http/Request), Object(Closure))
#23 C:/laragon/www/DEFEXSNAP-BACKED-defectguru/vendor/laravel/framework/src/Illuminate/View/Middleware/ShareErrorsFromSession.php(49): Illuminate/Pipeline/Pipeline->Illuminate/Pipeline/{closure}(Object(Illuminate/Http/Request))
#24 C:/laragon/www/DEFEXSNAP-BACKED-defectguru/vendor/laravel/framework/src/Illuminate/Pipeline/Pipeline.php(183): Illuminate/View/Middleware/ShareErrorsFromSession->handle(Object(Illuminate/Http/Request), Object(Closure))
#25 C:/laragon/www/DEFEXSNAP-BACKED-defectguru/vendor/laravel/framework/src/Illuminate/Session/Middleware/StartSession.php(121): Illuminate/Pipeline/Pipeline->Illuminate/Pipeline/{closure}(Object(Illuminate/Http/Request))
#26 C:/laragon/www/DEFEXSNAP-BACKED-defectguru/vendor/laravel/framework/src/Illuminate/Session/Middleware/StartSession.php(64): Illuminate/Session/Middleware/StartSession->handleStatefulRequest(Object(Illuminate/Http/Request), Object(Illuminate/Session/Store), Object(Closure))
#27 C:/laragon/www/DEFEXSNAP-BACKED-defectguru/vendor/laravel/framework/src/Illuminate/Pipeline/Pipeline.php(183): Illuminate/Session/Middleware/StartSession->handle(Object(Illuminate/Http/Request), Object(Closure))
#28 C:/laragon/www/DEFEXSNAP-BACKED-defectguru/vendor/laravel/framework/src/Illuminate/Cookie/Middleware/AddQueuedCookiesToResponse.php(37): Illuminate/Pipeline/Pipeline->Illuminate/Pipeline/{closure}(Object(Illuminate/Http/Request))
#29 C:/laragon/www/DEFEXSNAP-BACKED-defectguru/vendor/laravel/framework/src/Illuminate/Pipeline/Pipeline.php(183): Illuminate/Cookie/Middleware/AddQueuedCookiesToResponse->handle(Object(Illuminate/Http/Request), Object(Closure))
#30 C:/laragon/www/DEFEXSNAP-BACKED-defectguru/vendor/laravel/framework/src/Illuminate/Cookie/Middleware/EncryptCookies.php(67): Illuminate/Pipeline/Pipeline->Illuminate/Pipeline/{closure}(Object(Illuminate/Http/Request))
#31 C:/laragon/www/DEFEXSNAP-BACKED-defectguru/vendor/laravel/framework/src/Illuminate/Pipeline/Pipeline.php(183): Illuminate/Cookie/Middleware/EncryptCookies->handle(Object(Illuminate/Http/Request), Object(Closure))
#32 C:/laragon/www/DEFEXSNAP-BACKED-defectguru/vendor/laravel/framework/src/Illuminate/Pipeline/Pipeline.php(119): Illuminate/Pipeline/Pipeline->Illuminate/Pipeline/{closure}(Object(Illuminate/Http/Request))
#33 C:/laragon/www/DEFEXSNAP-BACKED-defectguru/vendor/laravel/framework/src/Illuminate/Routing/Router.php(807): Illuminate/Pipeline/Pipeline->then(Object(Closure))
#34 C:/laragon/www/DEFEXSNAP-BACKED-defectguru/vendor/laravel/framework/src/Illuminate/Routing/Router.php(784): Illuminate/Routing/Router->runRouteWithinStack(Object(Illuminate/Routing/Route), Object(Illuminate/Http/Request))
#35 C:/laragon/www/DEFEXSNAP-BACKED-defectguru/vendor/laravel/framework/src/Illuminate/Routing/Router.php(748): Illuminate/Routing/Router->runRoute(Object(Illuminate/Http/Request), Object(Illuminate/Routing/Route))
#36 C:/laragon/www/DEFEXSNAP-BACKED-defectguru/vendor/laravel/framework/src/Illuminate/Routing/Router.php(737): Illuminate/Routing/Router->dispatchToRoute(Object(Illuminate/Http/Request))
#37 C:/laragon/www/DEFEXSNAP-BACKED-defectguru/vendor/laravel/framework/src/Illuminate/Foundation/Http/Kernel.php(200): Illuminate/Routing/Router->dispatch(Object(Illuminate/Http/Request))
#38 C:/laragon/www/DEFEXSNAP-BACKED-defectguru/vendor/laravel/framework/src/Illuminate/Pipeline/Pipeline.php(144): Illuminate/Foundation/Http/Kernel->Illuminate/Foundation/Http/{closure}(Object(Illuminate/Http/Request))
#39 C:/laragon/www/DEFEXSNAP-BACKED-defectguru/vendor/livewire/livewire/src/Features/SupportDisablingBackButtonCache/DisableBackButtonCacheMiddleware.php(19): Illuminate/Pipeline/Pipeline->Illuminate/Pipeline/{closure}(Object(Illuminate/Http/Request))
#40 C:/laragon/www/DEFEXSNAP-BACKED-defectguru/vendor/laravel/framework/src/Illuminate/Pipeline/Pipeline.php(183): Livewire/Features/SupportDisablingBackButtonCache/DisableBackButtonCacheMiddleware->handle(Object(Illuminate/Http/Request), Object(Closure))
#41 C:/laragon/www/DEFEXSNAP-BACKED-defectguru/vendor/laravel/framework/src/Illuminate/Foundation/Http/Middleware/TransformsRequest.php(21): Illuminate/Pipeline/Pipeline->Illuminate/Pipeline/{closure}(Object(Illuminate/Http/Request))
#42 C:/laragon/www/DEFEXSNAP-BACKED-defectguru/vendor/laravel/framework/src/Illuminate/Foundation/Http/Middleware/ConvertEmptyStringsToNull.php(31): Illuminate/Foundation/Http/Middleware/TransformsRequest->handle(Object(Illuminate/Http/Request), Object(Closure))
#43 C:/laragon/www/DEFEXSNAP-BACKED-defectguru/vendor/laravel/framework/src/Illuminate/Pipeline/Pipeline.php(183): Illuminate/Foundation/Http/Middleware/ConvertEmptyStringsToNull->handle(Object(Illuminate/Http/Request), Object(Closure))
#44 C:/laragon/www/DEFEXSNAP-BACKED-defectguru/vendor/laravel/framework/src/Illuminate/Foundation/Http/Middleware/TransformsRequest.php(21): Illuminate/Pipeline/Pipeline->Illuminate/Pipeline/{closure}(Object(Illuminate/Http/Request))
#45 C:/laragon/www/DEFEXSNAP-BACKED-defectguru/vendor/laravel/framework/src/Illuminate/Foundation/Http/Middleware/TrimStrings.php(40): Illuminate/Foundation/Http/Middleware/TransformsRequest->handle(Object(Illuminate/Http/Request), Object(Closure))
#46 C:/laragon/www/DEFEXSNAP-BACKED-defectguru/vendor/laravel/framework/src/Illuminate/Pipeline/Pipeline.php(183): Illuminate/Foundation/Http/Middleware/TrimStrings->handle(Object(Illuminate/Http/Request), Object(Closure))
#47 C:/laragon/www/DEFEXSNAP-BACKED-defectguru/vendor/laravel/framework/src/Illuminate/Foundation/Http/Middleware/ValidatePostSize.php(27): Illuminate/Pipeline/Pipeline->Illuminate/Pipeline/{closure}(Object(Illuminate/Http/Request))
#48 C:/laragon/www/DEFEXSNAP-BACKED-defectguru/vendor/laravel/framework/src/Illuminate/Pipeline/Pipeline.php(183): Illuminate/Foundation/Http/Middleware/ValidatePostSize->handle(Object(Illuminate/Http/Request), Object(Closure))
#49 C:/laragon/www/DEFEXSNAP-BACKED-defectguru/vendor/laravel/framework/src/Illuminate/Foundation/Http/Middleware/PreventRequestsDuringMaintenance.php(99): Illuminate/Pipeline/Pipeline->Illuminate/Pipeline/{closure}(Object(Illuminate/Http/Request))
#50 C:/laragon/www/DEFEXSNAP-BACKED-defectguru/vendor/laravel/framework/src/Illuminate/Pipeline/Pipeline.php(183): Illuminate/Foundation/Http/Middleware/PreventRequestsDuringMaintenance->handle(Object(Illuminate/Http/Request), Object(Closure))
#51 C:/laragon/www/DEFEXSNAP-BACKED-defectguru/vendor/laravel/framework/src/Illuminate/Http/Middleware/HandleCors.php(49): Illuminate/Pipeline/Pipeline->Illuminate/Pipeline/{closure}(Object(Illuminate/Http/Request))
#52 C:/laragon/www/DEFEXSNAP-BACKED-defectguru/vendor/laravel/framework/src/Illuminate/Pipeline/Pipeline.php(183): Illuminate/Http/Middleware/HandleCors->handle(Object(Illuminate/Http/Request), Object(Closure))
#53 C:/laragon/www/DEFEXSNAP-BACKED-defectguru/vendor/laravel/framework/src/Illuminate/Http/Middleware/TrustProxies.php(39): Illuminate/Pipeline/Pipeline->Illuminate/Pipeline/{closure}(Object(Illuminate/Http/Request))
#54 C:/laragon/www/DEFEXSNAP-BACKED-defectguru/vendor/laravel/framework/src/Illuminate/Pipeline/Pipeline.php(183): Illuminate/Http/Middleware/TrustProxies->handle(Object(Illuminate/Http/Request), Object(Closure))
#55 C:/laragon/www/DEFEXSNAP-BACKED-defectguru/vendor/laravel/framework/src/Illuminate/Pipeline/Pipeline.php(119): Illuminate/Pipeline/Pipeline->Illuminate/Pipeline/{closure}(Object(Illuminate/Http/Request))
#56 C:/laragon/www/DEFEXSNAP-BACKED-defectguru/vendor/laravel/framework/src/Illuminate/Foundation/Http/Kernel.php(175): Illuminate/Pipeline/Pipeline->then(Object(Closure))
#57 C:/laragon/www/DEFEXSNAP-BACKED-defectguru/vendor/laravel/framework/src/Illuminate/Foundation/Http/Kernel.php(144): Illuminate/Foundation/Http/Kernel->sendRequestThroughRouter(Object(Illuminate/Http/Request))
#58 C:/laragon/www/DEFEXSNAP-BACKED-defectguru/public/index.php(52): Illuminate/Foundation/Http/Kernel->handle(Object(Illuminate/Http/Request))
#59 C:/laragon/www/DEFEXSNAP-BACKED-defectguru/vendor/laravel/framework/src/Illuminate/Foundation/resources/server.php(16): require_once('C://laragon//www//...')
#60 {main}

[previous exception] [object] (Symfony\\Component\\Routing\\Exception\\RouteNotFoundException(code: 0): Route [inspection.destroy] not defined. at C:/laragon/www/DEFEXSNAP-BACKED-defectguru/vendor/laravel/framework/src/Illuminate/Routing/UrlGenerator.php:477)
[stacktrace]
#0 C:/laragon/www/DEFEXSNAP-BACKED-defectguru/vendor/laravel/framework/src/Illuminate/Foundation/helpers.php(811): Illuminate/Routing/UrlGenerator->route('inspection.dest...', 3, true)
#1 C:/laragon/www/DEFEXSNAP-BACKED-defectguru/storage/framework/views/a4c140f0cf77dd3e1d6da7cdb85dd6b4.php(139): route('inspection.dest...', 3)
#2 C:/laragon/www/DEFEXSNAP-BACKED-defectguru/vendor/laravel/framework/src/Illuminate/Filesystem/Filesystem.php(123): require('C://laragon//www//...')
#3 C:/laragon/www/DEFEXSNAP-BACKED-defectguru/vendor/laravel/framework/src/Illuminate/Filesystem/Filesystem.php(124): Illuminate/Filesystem/Filesystem::Illuminate/Filesystem/{closure}()
#4 C:/laragon/www/DEFEXSNAP-BACKED-defectguru/vendor/laravel/framework/src/Illuminate/View/Engines/PhpEngine.php(58): Illuminate/Filesystem/Filesystem->getRequire('C://laragon//www//...', Array)
#5 C:/laragon/www/DEFEXSNAP-BACKED-defectguru/vendor/livewire/livewire/src/Mechanisms/ExtendBlade/ExtendedCompilerEngine.php(22): Illuminate/View/Engines/PhpEngine->evaluatePath('C://laragon//www//...', Array)
#6 C:/laragon/www/DEFEXSNAP-BACKED-defectguru/vendor/laravel/framework/src/Illuminate/View/Engines/CompilerEngine.php(72): Livewire/Mechanisms/ExtendBlade/ExtendedCompilerEngine->evaluatePath('C://laragon//www//...', Array)
#7 C:/laragon/www/DEFEXSNAP-BACKED-defectguru/vendor/livewire/livewire/src/Mechanisms/ExtendBlade/ExtendedCompilerEngine.php(10): Illuminate/View/Engines/CompilerEngine->get('C://laragon//www//...', Array)
#8 C:/laragon/www/DEFEXSNAP-BACKED-defectguru/vendor/laravel/framework/src/Illuminate/View/View.php(207): Livewire/Mechanisms/ExtendBlade/ExtendedCompilerEngine->get('C://laragon//www//...', Array)
#9 C:/laragon/www/DEFEXSNAP-BACKED-defectguru/vendor/laravel/framework/src/Illuminate/View/View.php(190): Illuminate/View/View->getContents()
#10 C:/laragon/www/DEFEXSNAP-BACKED-defectguru/vendor/laravel/framework/src/Illuminate/View/View.php(159): Illuminate/View/View->renderContents()
#11 C:/laragon/www/DEFEXSNAP-BACKED-defectguru/vendor/laravel/framework/src/Illuminate/Http/Response.php(69): Illuminate/View/View->render()
#12 C:/laragon/www/DEFEXSNAP-BACKED-defectguru/vendor/laravel/framework/src/Illuminate/Http/Response.php(35): Illuminate/Http/Response->setContent(Object(Illuminate/View/View))
#13 C:/laragon/www/DEFEXSNAP-BACKED-defectguru/vendor/laravel/framework/src/Illuminate/Routing/Router.php(918): Illuminate/Http/Response->__construct(Object(Illuminate/View/View), 200, Array)
#14 C:/laragon/www/DEFEXSNAP-BACKED-defectguru/vendor/laravel/framework/src/Illuminate/Routing/Router.php(885): Illuminate/Routing/Router::toResponse(Object(Illuminate/Http/Request), Object(Illuminate/View/View))
#15 C:/laragon/www/DEFEXSNAP-BACKED-defectguru/vendor/laravel/framework/src/Illuminate/Routing/Router.php(806): Illuminate/Routing/Router->prepareResponse(Object(Illuminate/Http/Request), Object(Illuminate/View/View))
#16 C:/laragon/www/DEFEXSNAP-BACKED-defectguru/vendor/laravel/framework/src/Illuminate/Pipeline/Pipeline.php(144): Illuminate/Routing/Router->Illuminate/Routing/{closure}(Object(Illuminate/Http/Request))
#17 C:/laragon/www/DEFEXSNAP-BACKED-defectguru/vendor/laravel/framework/src/Illuminate/Routing/Middleware/SubstituteBindings.php(50): Illuminate/Pipeline/Pipeline->Illuminate/Pipeline/{closure}(Object(Illuminate/Http/Request))
#18 C:/laragon/www/DEFEXSNAP-BACKED-defectguru/vendor/laravel/framework/src/Illuminate/Pipeline/Pipeline.php(183): Illuminate/Routing/Middleware/SubstituteBindings->handle(Object(Illuminate/Http/Request), Object(Closure))
#19 C:/laragon/www/DEFEXSNAP-BACKED-defectguru/vendor/laravel/framework/src/Illuminate/Auth/Middleware/Authenticate.php(57): Illuminate/Pipeline/Pipeline->Illuminate/Pipeline/{closure}(Object(Illuminate/Http/Request))
#20 C:/laragon/www/DEFEXSNAP-BACKED-defectguru/vendor/laravel/framework/src/Illuminate/Pipeline/Pipeline.php(183): Illuminate/Auth/Middleware/Authenticate->handle(Object(Illuminate/Http/Request), Object(Closure))
#21 C:/laragon/www/DEFEXSNAP-BACKED-defectguru/vendor/laravel/framework/src/Illuminate/Foundation/Http/Middleware/VerifyCsrfToken.php(78): Illuminate/Pipeline/Pipeline->Illuminate/Pipeline/{closure}(Object(Illuminate/Http/Request))
#22 C:/laragon/www/DEFEXSNAP-BACKED-defectguru/vendor/laravel/framework/src/Illuminate/Pipeline/Pipeline.php(183): Illuminate/Foundation/Http/Middleware/VerifyCsrfToken->handle(Object(Illuminate/Http/Request), Object(Closure))
#23 C:/laragon/www/DEFEXSNAP-BACKED-defectguru/vendor/laravel/framework/src/Illuminate/View/Middleware/ShareErrorsFromSession.php(49): Illuminate/Pipeline/Pipeline->Illuminate/Pipeline/{closure}(Object(Illuminate/Http/Request))
#24 C:/laragon/www/DEFEXSNAP-BACKED-defectguru/vendor/laravel/framework/src/Illuminate/Pipeline/Pipeline.php(183): Illuminate/View/Middleware/ShareErrorsFromSession->handle(Object(Illuminate/Http/Request), Object(Closure))
#25 C:/laragon/www/DEFEXSNAP-BACKED-defectguru/vendor/laravel/framework/src/Illuminate/Session/Middleware/StartSession.php(121): Illuminate/Pipeline/Pipeline->Illuminate/Pipeline/{closure}(Object(Illuminate/Http/Request))
#26 C:/laragon/www/DEFEXSNAP-BACKED-defectguru/vendor/laravel/framework/src/Illuminate/Session/Middleware/StartSession.php(64): Illuminate/Session/Middleware/StartSession->handleStatefulRequest(Object(Illuminate/Http/Request), Object(Illuminate/Session/Store), Object(Closure))
#27 C:/laragon/www/DEFEXSNAP-BACKED-defectguru/vendor/laravel/framework/src/Illuminate/Pipeline/Pipeline.php(183): Illuminate/Session/Middleware/StartSession->handle(Object(Illuminate/Http/Request), Object(Closure))
#28 C:/laragon/www/DEFEXSNAP-BACKED-defectguru/vendor/laravel/framework/src/Illuminate/Cookie/Middleware/AddQueuedCookiesToResponse.php(37): Illuminate/Pipeline/Pipeline->Illuminate/Pipeline/{closure}(Object(Illuminate/Http/Request))
#29 C:/laragon/www/DEFEXSNAP-BACKED-defectguru/vendor/laravel/framework/src/Illuminate/Pipeline/Pipeline.php(183): Illuminate/Cookie/Middleware/AddQueuedCookiesToResponse->handle(Object(Illuminate/Http/Request), Object(Closure))
#30 C:/laragon/www/DEFEXSNAP-BACKED-defectguru/vendor/laravel/framework/src/Illuminate/Cookie/Middleware/EncryptCookies.php(67): Illuminate/Pipeline/Pipeline->Illuminate/Pipeline/{closure}(Object(Illuminate/Http/Request))
#31 C:/laragon/www/DEFEXSNAP-BACKED-defectguru/vendor/laravel/framework/src/Illuminate/Pipeline/Pipeline.php(183): Illuminate/Cookie/Middleware/EncryptCookies->handle(Object(Illuminate/Http/Request), Object(Closure))
#32 C:/laragon/www/DEFEXSNAP-BACKED-defectguru/vendor/laravel/framework/src/Illuminate/Pipeline/Pipeline.php(119): Illuminate/Pipeline/Pipeline->Illuminate/Pipeline/{closure}(Object(Illuminate/Http/Request))
#33 C:/laragon/www/DEFEXSNAP-BACKED-defectguru/vendor/laravel/framework/src/Illuminate/Routing/Router.php(807): Illuminate/Pipeline/Pipeline->then(Object(Closure))
#34 C:/laragon/www/DEFEXSNAP-BACKED-defectguru/vendor/laravel/framework/src/Illuminate/Routing/Router.php(784): Illuminate/Routing/Router->runRouteWithinStack(Object(Illuminate/Routing/Route), Object(Illuminate/Http/Request))
#35 C:/laragon/www/DEFEXSNAP-BACKED-defectguru/vendor/laravel/framework/src/Illuminate/Routing/Router.php(748): Illuminate/Routing/Router->runRoute(Object(Illuminate/Http/Request), Object(Illuminate/Routing/Route))
#36 C:/laragon/www/DEFEXSNAP-BACKED-defectguru/vendor/laravel/framework/src/Illuminate/Routing/Router.php(737): Illuminate/Routing/Router->dispatchToRoute(Object(Illuminate/Http/Request))
#37 C:/laragon/www/DEFEXSNAP-BACKED-defectguru/vendor/laravel/framework/src/Illuminate/Foundation/Http/Kernel.php(200): Illuminate/Routing/Router->dispatch(Object(Illuminate/Http/Request))
#38 C:/laragon/www/DEFEXSNAP-BACKED-defectguru/vendor/laravel/framework/src/Illuminate/Pipeline/Pipeline.php(144): Illuminate/Foundation/Http/Kernel->Illuminate/Foundation/Http/{closure}(Object(Illuminate/Http/Request))
#39 C:/laragon/www/DEFEXSNAP-BACKED-defectguru/vendor/livewire/livewire/src/Features/SupportDisablingBackButtonCache/DisableBackButtonCacheMiddleware.php(19): Illuminate/Pipeline/Pipeline->Illuminate/Pipeline/{closure}(Object(Illuminate/Http/Request))
#40 C:/laragon/www/DEFEXSNAP-BACKED-defectguru/vendor/laravel/framework/src/Illuminate/Pipeline/Pipeline.php(183): Livewire/Features/SupportDisablingBackButtonCache/DisableBackButtonCacheMiddleware->handle(Object(Illuminate/Http/Request), Object(Closure))
#41 C:/laragon/www/DEFEXSNAP-BACKED-defectguru/vendor/laravel/framework/src/Illuminate/Foundation/Http/Middleware/TransformsRequest.php(21): Illuminate/Pipeline/Pipeline->Illuminate/Pipeline/{closure}(Object(Illuminate/Http/Request))
#42 C:/laragon/www/DEFEXSNAP-BACKED-defectguru/vendor/laravel/framework/src/Illuminate/Foundation/Http/Middleware/ConvertEmptyStringsToNull.php(31): Illuminate/Foundation/Http/Middleware/TransformsRequest->handle(Object(Illuminate/Http/Request), Object(Closure))
#43 C:/laragon/www/DEFEXSNAP-BACKED-defectguru/vendor/laravel/framework/src/Illuminate/Pipeline/Pipeline.php(183): Illuminate/Foundation/Http/Middleware/ConvertEmptyStringsToNull->handle(Object(Illuminate/Http/Request), Object(Closure))
#44 C:/laragon/www/DEFEXSNAP-BACKED-defectguru/vendor/laravel/framework/src/Illuminate/Foundation/Http/Middleware/TransformsRequest.php(21): Illuminate/Pipeline/Pipeline->Illuminate/Pipeline/{closure}(Object(Illuminate/Http/Request))
#45 C:/laragon/www/DEFEXSNAP-BACKED-defectguru/vendor/laravel/framework/src/Illuminate/Foundation/Http/Middleware/TrimStrings.php(40): Illuminate/Foundation/Http/Middleware/TransformsRequest->handle(Object(Illuminate/Http/Request), Object(Closure))
#46 C:/laragon/www/DEFEXSNAP-BACKED-defectguru/vendor/laravel/framework/src/Illuminate/Pipeline/Pipeline.php(183): Illuminate/Foundation/Http/Middleware/TrimStrings->handle(Object(Illuminate/Http/Request), Object(Closure))
#47 C:/laragon/www/DEFEXSNAP-BACKED-defectguru/vendor/laravel/framework/src/Illuminate/Foundation/Http/Middleware/ValidatePostSize.php(27): Illuminate/Pipeline/Pipeline->Illuminate/Pipeline/{closure}(Object(Illuminate/Http/Request))
#48 C:/laragon/www/DEFEXSNAP-BACKED-defectguru/vendor/laravel/framework/src/Illuminate/Pipeline/Pipeline.php(183): Illuminate/Foundation/Http/Middleware/ValidatePostSize->handle(Object(Illuminate/Http/Request), Object(Closure))
#49 C:/laragon/www/DEFEXSNAP-BACKED-defectguru/vendor/laravel/framework/src/Illuminate/Foundation/Http/Middleware/PreventRequestsDuringMaintenance.php(99): Illuminate/Pipeline/Pipeline->Illuminate/Pipeline/{closure}(Object(Illuminate/Http/Request))
#50 C:/laragon/www/DEFEXSNAP-BACKED-defectguru/vendor/laravel/framework/src/Illuminate/Pipeline/Pipeline.php(183): Illuminate/Foundation/Http/Middleware/PreventRequestsDuringMaintenance->handle(Object(Illuminate/Http/Request), Object(Closure))
#51 C:/laragon/www/DEFEXSNAP-BACKED-defectguru/vendor/laravel/framework/src/Illuminate/Http/Middleware/HandleCors.php(49): Illuminate/Pipeline/Pipeline->Illuminate/Pipeline/{closure}(Object(Illuminate/Http/Request))
#52 C:/laragon/www/DEFEXSNAP-BACKED-defectguru/vendor/laravel/framework/src/Illuminate/Pipeline/Pipeline.php(183): Illuminate/Http/Middleware/HandleCors->handle(Object(Illuminate/Http/Request), Object(Closure))
#53 C:/laragon/www/DEFEXSNAP-BACKED-defectguru/vendor/laravel/framework/src/Illuminate/Http/Middleware/TrustProxies.php(39): Illuminate/Pipeline/Pipeline->Illuminate/Pipeline/{closure}(Object(Illuminate/Http/Request))
#54 C:/laragon/www/DEFEXSNAP-BACKED-defectguru/vendor/laravel/framework/src/Illuminate/Pipeline/Pipeline.php(183): Illuminate/Http/Middleware/TrustProxies->handle(Object(Illuminate/Http/Request), Object(Closure))
#55 C:/laragon/www/DEFEXSNAP-BACKED-defectguru/vendor/laravel/framework/src/Illuminate/Pipeline/Pipeline.php(119): Illuminate/Pipeline/Pipeline->Illuminate/Pipeline/{closure}(Object(Illuminate/Http/Request))
#56 C:/laragon/www/DEFEXSNAP-BACKED-defectguru/vendor/laravel/framework/src/Illuminate/Foundation/Http/Kernel.php(175): Illuminate/Pipeline/Pipeline->then(Object(Closure))
#57 C:/laragon/www/DEFEXSNAP-BACKED-defectguru/vendor/laravel/framework/src/Illuminate/Foundation/Http/Kernel.php(144): Illuminate/Foundation/Http/Kernel->sendRequestThroughRouter(Object(Illuminate/Http/Request))
#58 C:/laragon/www/DEFEXSNAP-BACKED-defectguru/public/index.php(52): Illuminate/Foundation/Http/Kernel->handle(Object(Illuminate/Http/Request))
#59 C:/laragon/www/DEFEXSNAP-BACKED-defectguru/vendor/laravel/framework/src/Illuminate/Foundation/resources/server.php(16): require_once('C://laragon//www//...')
#60 {main}
"} 
[2026-08-29 19:52:21] local.ERROR: Class "NunoMaduro\Collision\Adapters\Laravel\CollisionServiceProvider" not found {"exception":"[object] (Error(code: 0): Class \"NunoMaduro\\Collision\\Adapters\\Laravel\\CollisionServiceProvider\" not found at /var/www/my-laravel-app/vendor/laravel/framework/src/Illuminate/Foundation/Application.php:880)
[stacktrace]
#0 /var/www/my-laravel-app/vendor/laravel/framework/src/Illuminate/Foundation/Application.php(814): Illuminate\\Foundation\\Application->resolveProvider()
#1 /var/www/my-laravel-app/vendor/laravel/framework/src/Illuminate/Foundation/ProviderRepository.php(75): Illuminate\\Foundation\\Application->register()
#2 /var/www/my-laravel-app/vendor/laravel/framework/src/Illuminate/Foundation/Application.php(794): Illuminate\\Foundation\\ProviderRepository->load()
#3 /var/www/my-laravel-app/vendor/laravel/framework/src/Illuminate/Foundation/Bootstrap/RegisterProviders.php(17): Illuminate\\Foundation\\Application->registerConfiguredProviders()
#4 /var/www/my-laravel-app/vendor/laravel/framework/src/Illuminate/Foundation/Application.php(286): Illuminate\\Foundation\\Bootstrap\\RegisterProviders->bootstrap()
#5 /var/www/my-laravel-app/vendor/laravel/framework/src/Illuminate/Foundation/Console/Kernel.php(447): Illuminate\\Foundation\\Application->bootstrapWith()
#6 /var/www/my-laravel-app/vendor/laravel/framework/src/Illuminate/Foundation/Console/Kernel.php(199): Illuminate\\Foundation\\Console\\Kernel->bootstrap()
#7 /var/www/my-laravel-app/artisan(35): Illuminate\\Foundation\\Console\\Kernel->handle()
#8 {main}
"} 
[2026-08-29 19:54:51] local.ERROR: SQLSTATE[HY000] [1698] Access denied for user 'root'@'localhost' (Connection: mysql, SQL: select table_name as `name`, (data_length + index_length) as `size`, table_comment as `comment`, engine as `engine`, table_collation as `collation` from information_schema.tables where table_schema = 'laravel' and table_type in ('BASE TABLE', 'SYSTEM VERSIONED') order by table_name) {"exception":"[object] (Illuminate\\Database\\QueryException(code: 1698): SQLSTATE[HY000] [1698] Access denied for user 'root'@'localhost' (Connection: mysql, SQL: select table_name as `name`, (data_length + index_length) as `size`, table_comment as `comment`, engine as `engine`, table_collation as `collation` from information_schema.tables where table_schema = 'laravel' and table_type in ('BASE TABLE', 'SYSTEM VERSIONED') order by table_name) at /var/www/my-laravel-app/vendor/laravel/framework/src/Illuminate/Database/Connection.php:829)
[stacktrace]
#0 /var/www/my-laravel-app/vendor/laravel/framework/src/Illuminate/Database/Connection.php(783): Illuminate\\Database\\Connection->runQueryCallback()
#1 /var/www/my-laravel-app/vendor/laravel/framework/src/Illuminate/Database/Connection.php(414): Illuminate\\Database\\Connection->run()
#2 /var/www/my-laravel-app/vendor/laravel/framework/src/Illuminate/Database/Connection.php(401): Illuminate\\Database\\Connection->select()
#3 /var/www/my-laravel-app/vendor/laravel/framework/src/Illuminate/Database/Schema/MySqlBuilder.php(41): Illuminate\\Database\\Connection->selectFromWriteConnection()
#4 /var/www/my-laravel-app/vendor/laravel/framework/src/Illuminate/Database/Schema/Builder.php(165): Illuminate\\Database\\Schema\\MySqlBuilder->getTables()
#5 /var/www/my-laravel-app/vendor/laravel/framework/src/Illuminate/Database/Migrations/DatabaseMigrationRepository.php(184): Illuminate\\Database\\Schema\\Builder->hasTable()
#6 /var/www/my-laravel-app/vendor/laravel/framework/src/Illuminate/Database/Migrations/Migrator.php(727): Illuminate\\Database\\Migrations\\DatabaseMigrationRepository->repositoryExists()
#7 /var/www/my-laravel-app/vendor/laravel/framework/src/Illuminate/Database/Console/Migrations/MigrateCommand.php(140): Illuminate\\Database\\Migrations\\Migrator->repositoryExists()
#8 /var/www/my-laravel-app/vendor/laravel/framework/src/Illuminate/Support/helpers.php(261): Illuminate\\Database\\Console\\Migrations\\MigrateCommand->{closure:Illuminate\\Database\\Console\\Migrations\\MigrateCommand::repositoryExists():140}()
#9 /var/www/my-laravel-app/vendor/laravel/framework/src/Illuminate/Database/Console/Migrations/MigrateCommand.php(140): retry()
#10 /var/www/my-laravel-app/vendor/laravel/framework/src/Illuminate/Database/Console/Migrations/MigrateCommand.php(116): Illuminate\\Database\\Console\\Migrations\\MigrateCommand->repositoryExists()
#11 /var/www/my-laravel-app/vendor/laravel/framework/src/Illuminate/Database/Console/Migrations/MigrateCommand.php(84): Illuminate\\Database\\Console\\Migrations\\MigrateCommand->prepareDatabase()
#12 /var/www/my-laravel-app/vendor/laravel/framework/src/Illuminate/Database/Migrations/Migrator.php(641): Illuminate\\Database\\Console\\Migrations\\MigrateCommand->{closure:Illuminate\\Database\\Console\\Migrations\\MigrateCommand::handle():83}()
#13 /var/www/my-laravel-app/vendor/laravel/framework/src/Illuminate/Database/Console/Migrations/MigrateCommand.php(83): Illuminate\\Database\\Migrations\\Migrator->usingConnection()
#14 /var/www/my-laravel-app/vendor/laravel/framework/src/Illuminate/Container/BoundMethod.php(36): Illuminate\\Database\\Console\\Migrations\\MigrateCommand->handle()
#15 /var/www/my-laravel-app/vendor/laravel/framework/src/Illuminate/Container/Util.php(41): Illuminate\\Container\\BoundMethod::{closure:Illuminate\\Container\\BoundMethod::call():35}()
#16 /var/www/my-laravel-app/vendor/laravel/framework/src/Illuminate/Container/BoundMethod.php(93): Illuminate\\Container\\Util::unwrapIfClosure()
#17 /var/www/my-laravel-app/vendor/laravel/framework/src/Illuminate/Container/BoundMethod.php(35): Illuminate\\Container\\BoundMethod::callBoundMethod()
#18 /var/www/my-laravel-app/vendor/laravel/framework/src/Illuminate/Container/Container.php(662): Illuminate\\Container\\BoundMethod::call()
#19 /var/www/my-laravel-app/vendor/laravel/framework/src/Illuminate/Console/Command.php(211): Illuminate\\Container\\Container->call()
#20 /var/www/my-laravel-app/vendor/symfony/console/Command/Command.php(326): Illuminate\\Console\\Command->execute()
#21 /var/www/my-laravel-app/vendor/laravel/framework/src/Illuminate/Console/Command.php(180): Symfony\\Component\\Console\\Command\\Command->run()
#22 /var/www/my-laravel-app/vendor/symfony/console/Application.php(1121): Illuminate\\Console\\Command->run()
#23 /var/www/my-laravel-app/vendor/symfony/console/Application.php(324): Symfony\\Component\\Console\\Application->doRunCommand()
#24 /var/www/my-laravel-app/vendor/symfony/console/Application.php(175): Symfony\\Component\\Console\\Application->doRun()
#25 /var/www/my-laravel-app/vendor/laravel/framework/src/Illuminate/Foundation/Console/Kernel.php(201): Symfony\\Component\\Console\\Application->run()
#26 /var/www/my-laravel-app/artisan(35): Illuminate\\Foundation\\Console\\Kernel->handle()
#27 {main}

[previous exception] [object] (PDOException(code: 1698): SQLSTATE[HY000] [1698] Access denied for user 'root'@'localhost' at /var/www/my-laravel-app/vendor/laravel/framework/src/Illuminate/Database/Connectors/Connector.php:65)
[stacktrace]
#0 /var/www/my-laravel-app/vendor/laravel/framework/src/Illuminate/Database/Connectors/Connector.php(65): PDO->__construct()
#1 /var/www/my-laravel-app/vendor/laravel/framework/src/Illuminate/Database/Connectors/Connector.php(44): Illuminate\\Database\\Connectors\\Connector->createPdoConnection()
#2 /var/www/my-laravel-app/vendor/laravel/framework/src/Illuminate/Database/Connectors/MySqlConnector.php(24): Illuminate\\Database\\Connectors\\Connector->createConnection()
#3 /var/www/my-laravel-app/vendor/laravel/framework/src/Illuminate/Database/Connectors/ConnectionFactory.php(184): Illuminate\\Database\\Connectors\\MySqlConnector->connect()
#4 [internal function]: Illuminate\\Database\\Connectors\\ConnectionFactory->{closure:Illuminate\\Database\\Connectors\\ConnectionFactory::createPdoResolverWithHosts():179}()
#5 /var/www/my-laravel-app/vendor/laravel/framework/src/Illuminate/Database/Connection.php(1339): call_user_func()
#6 /var/www/my-laravel-app/vendor/laravel/framework/src/Illuminate/Database/Connection.php(528): Illuminate\\Database\\Connection->getPdo()
#7 /var/www/my-laravel-app/vendor/laravel/framework/src/Illuminate/Database/Connection.php(423): Illuminate\\Database\\Connection->getPdoForSelect()
#8 /var/www/my-laravel-app/vendor/laravel/framework/src/Illuminate/Database/Connection.php(816): Illuminate\\Database\\Connection->{closure:Illuminate\\Database\\Connection::select():414}()
#9 /var/www/my-laravel-app/vendor/laravel/framework/src/Illuminate/Database/Connection.php(783): Illuminate\\Database\\Connection->runQueryCallback()
#10 /var/www/my-laravel-app/vendor/laravel/framework/src/Illuminate/Database/Connection.php(414): Illuminate\\Database\\Connection->run()
#11 /var/www/my-laravel-app/vendor/laravel/framework/src/Illuminate/Database/Connection.php(401): Illuminate\\Database\\Connection->select()
#12 /var/www/my-laravel-app/vendor/laravel/framework/src/Illuminate/Database/Schema/MySqlBuilder.php(41): Illuminate\\Database\\Connection->selectFromWriteConnection()
#13 /var/www/my-laravel-app/vendor/laravel/framework/src/Illuminate/Database/Schema/Builder.php(165): Illuminate\\Database\\Schema\\MySqlBuilder->getTables()
#14 /var/www/my-laravel-app/vendor/laravel/framework/src/Illuminate/Database/Migrations/DatabaseMigrationRepository.php(184): Illuminate\\Database\\Schema\\Builder->hasTable()
#15 /var/www/my-laravel-app/vendor/laravel/framework/src/Illuminate/Database/Migrations/Migrator.php(727): Illuminate\\Database\\Migrations\\DatabaseMigrationRepository->repositoryExists()
#16 /var/www/my-laravel-app/vendor/laravel/framework/src/Illuminate/Database/Console/Migrations/MigrateCommand.php(140): Illuminate\\Database\\Migrations\\Migrator->repositoryExists()
#17 /var/www/my-laravel-app/vendor/laravel/framework/src/Illuminate/Support/helpers.php(261): Illuminate\\Database\\Console\\Migrations\\MigrateCommand->{closure:Illuminate\\Database\\Console\\Migrations\\MigrateCommand::repositoryExists():140}()
#18 /var/www/my-laravel-app/vendor/laravel/framework/src/Illuminate/Database/Console/Migrations/MigrateCommand.php(140): retry()
#19 /var/www/my-laravel-app/vendor/laravel/framework/src/Illuminate/Database/Console/Migrations/MigrateCommand.php(116): Illuminate\\Database\\Console\\Migrations\\MigrateCommand->repositoryExists()
#20 /var/www/my-laravel-app/vendor/laravel/framework/src/Illuminate/Database/Console/Migrations/MigrateCommand.php(84): Illuminate\\Database\\Console\\Migrations\\MigrateCommand->prepareDatabase()
#21 /var/www/my-laravel-app/vendor/laravel/framework/src/Illuminate/Database/Migrations/Migrator.php(641): Illuminate\\Database\\Console\\Migrations\\MigrateCommand->{closure:Illuminate\\Database\\Console\\Migrations\\MigrateCommand::handle():83}()
#22 /var/www/my-laravel-app/vendor/laravel/framework/src/Illuminate/Database/Console/Migrations/MigrateCommand.php(83): Illuminate\\Database\\Migrations\\Migrator->usingConnection()
#23 /var/www/my-laravel-app/vendor/laravel/framework/src/Illuminate/Container/BoundMethod.php(36): Illuminate\\Database\\Console\\Migrations\\MigrateCommand->handle()
#24 /var/www/my-laravel-app/vendor/laravel/framework/src/Illuminate/Container/Util.php(41): Illuminate\\Container\\BoundMethod::{closure:Illuminate\\Container\\BoundMethod::call():35}()
#25 /var/www/my-laravel-app/vendor/laravel/framework/src/Illuminate/Container/BoundMethod.php(93): Illuminate\\Container\\Util::unwrapIfClosure()
#26 /var/www/my-laravel-app/vendor/laravel/framework/src/Illuminate/Container/BoundMethod.php(35): Illuminate\\Container\\BoundMethod::callBoundMethod()
#27 /var/www/my-laravel-app/vendor/laravel/framework/src/Illuminate/Container/Container.php(662): Illuminate\\Container\\BoundMethod::call()
#28 /var/www/my-laravel-app/vendor/laravel/framework/src/Illuminate/Console/Command.php(211): Illuminate\\Container\\Container->call()
#29 /var/www/my-laravel-app/vendor/symfony/console/Command/Command.php(326): Illuminate\\Console\\Command->execute()
#30 /var/www/my-laravel-app/vendor/laravel/framework/src/Illuminate/Console/Command.php(180): Symfony\\Component\\Console\\Command\\Command->run()
#31 /var/www/my-laravel-app/vendor/symfony/console/Application.php(1121): Illuminate\\Console\\Command->run()
#32 /var/www/my-laravel-app/vendor/symfony/console/Application.php(324): Symfony\\Component\\Console\\Application->doRunCommand()
#33 /var/www/my-laravel-app/vendor/symfony/console/Application.php(175): Symfony\\Component\\Console\\Application->doRun()
#34 /var/www/my-laravel-app/vendor/laravel/framework/src/Illuminate/Foundation/Console/Kernel.php(201): Symfony\\Component\\Console\\Application->run()
#35 /var/www/my-laravel-app/artisan(35): Illuminate\\Foundation\\Console\\Kernel->handle()
#36 {main}
"} 
[2026-08-30 09:49:32] local.ERROR: SQLSTATE[01000]: Warning: 1265 Data truncated for column 'role' at row 1 (Connection: mysql, SQL: insert into `users` (`id`, `name`, `username`, `email`, `email_verified_at`, `password`, `role`, `remember_token`, `created_at`, `updated_at`) values (10, Benamora, Benamora, benamora@placeholder.com, ?, $2y$12$oUJ.zcuAPrc.p9dQmb79..MXc/TxctqcvGmEVw1it8f6RaapBFZgi, inspector, ?, 2026-04-16 06:03:54, 2026-08-30 09:49:32)) {"exception":"[object] (Illuminate\\Database\\QueryException(code: 01000): SQLSTATE[01000]: Warning: 1265 Data truncated for column 'role' at row 1 (Connection: mysql, SQL: insert into `users` (`id`, `name`, `username`, `email`, `email_verified_at`, `password`, `role`, `remember_token`, `created_at`, `updated_at`) values (10, Benamora, Benamora, benamora@placeholder.com, ?, $2y$12$oUJ.zcuAPrc.p9dQmb79..MXc/TxctqcvGmEVw1it8f6RaapBFZgi, inspector, ?, 2026-04-16 06:03:54, 2026-08-30 09:49:32)) at /var/www/my-laravel-app/vendor/laravel/framework/src/Illuminate/Database/Connection.php:829)
[stacktrace]
#0 /var/www/my-laravel-app/vendor/laravel/framework/src/Illuminate/Database/Connection.php(783): Illuminate\\Database\\Connection->runQueryCallback()
#1 /var/www/my-laravel-app/vendor/laravel/framework/src/Illuminate/Database/MySqlConnection.php(34): Illuminate\\Database\\Connection->run()
#2 /var/www/my-laravel-app/vendor/laravel/framework/src/Illuminate/Database/Query/Builder.php(3498): Illuminate\\Database\\MySqlConnection->insert()
#3 /var/www/my-laravel-app/app/Console/Commands/MigrateLegacyData.php(38): Illuminate\\Database\\Query\\Builder->insert()
#4 /var/www/my-laravel-app/app/Console/Commands/MigrateLegacyData.php(19): App\\Console\\Commands\\MigrateLegacyData->migrateUsers()
#5 /var/www/my-laravel-app/vendor/laravel/framework/src/Illuminate/Container/BoundMethod.php(36): App\\Console\\Commands\\MigrateLegacyData->handle()
#6 /var/www/my-laravel-app/vendor/laravel/framework/src/Illuminate/Container/Util.php(41): Illuminate\\Container\\BoundMethod::{closure:Illuminate\\Container\\BoundMethod::call():35}()
#7 /var/www/my-laravel-app/vendor/laravel/framework/src/Illuminate/Container/BoundMethod.php(93): Illuminate\\Container\\Util::unwrapIfClosure()
#8 /var/www/my-laravel-app/vendor/laravel/framework/src/Illuminate/Container/BoundMethod.php(35): Illuminate\\Container\\BoundMethod::callBoundMethod()
#9 /var/www/my-laravel-app/vendor/laravel/framework/src/Illuminate/Container/Container.php(662): Illuminate\\Container\\BoundMethod::call()
#10 /var/www/my-laravel-app/vendor/laravel/framework/src/Illuminate/Console/Command.php(211): Illuminate\\Container\\Container->call()
#11 /var/www/my-laravel-app/vendor/symfony/console/Command/Command.php(326): Illuminate\\Console\\Command->execute()
#12 /var/www/my-laravel-app/vendor/laravel/framework/src/Illuminate/Console/Command.php(180): Symfony\\Component\\Console\\Command\\Command->run()
#13 /var/www/my-laravel-app/vendor/symfony/console/Application.php(1121): Illuminate\\Console\\Command->run()
#14 /var/www/my-laravel-app/vendor/symfony/console/Application.php(324): Symfony\\Component\\Console\\Application->doRunCommand()
#15 /var/www/my-laravel-app/vendor/symfony/console/Application.php(175): Symfony\\Component\\Console\\Application->doRun()
#16 /var/www/my-laravel-app/vendor/laravel/framework/src/Illuminate/Foundation/Console/Kernel.php(201): Symfony\\Component\\Console\\Application->run()
#17 /var/www/my-laravel-app/artisan(35): Illuminate\\Foundation\\Console\\Kernel->handle()
#18 {main}

[previous exception] [object] (PDOException(code: 01000): SQLSTATE[01000]: Warning: 1265 Data truncated for column 'role' at row 1 at /var/www/my-laravel-app/vendor/laravel/framework/src/Illuminate/Database/MySqlConnection.php:45)
[stacktrace]
#0 /var/www/my-laravel-app/vendor/laravel/framework/src/Illuminate/Database/MySqlConnection.php(45): PDOStatement->execute()
#1 /var/www/my-laravel-app/vendor/laravel/framework/src/Illuminate/Database/Connection.php(816): Illuminate\\Database\\MySqlConnection->{closure:Illuminate\\Database\\MySqlConnection::insert():34}()
#2 /var/www/my-laravel-app/vendor/laravel/framework/src/Illuminate/Database/Connection.php(783): Illuminate\\Database\\Connection->runQueryCallback()
#3 /var/www/my-laravel-app/vendor/laravel/framework/src/Illuminate/Database/MySqlConnection.php(34): Illuminate\\Database\\Connection->run()
#4 /var/www/my-laravel-app/vendor/laravel/framework/src/Illuminate/Database/Query/Builder.php(3498): Illuminate\\Database\\MySqlConnection->insert()
#5 /var/www/my-laravel-app/app/Console/Commands/MigrateLegacyData.php(38): Illuminate\\Database\\Query\\Builder->insert()
#6 /var/www/my-laravel-app/app/Console/Commands/MigrateLegacyData.php(19): App\\Console\\Commands\\MigrateLegacyData->migrateUsers()
#7 /var/www/my-laravel-app/vendor/laravel/framework/src/Illuminate/Container/BoundMethod.php(36): App\\Console\\Commands\\MigrateLegacyData->handle()
#8 /var/www/my-laravel-app/vendor/laravel/framework/src/Illuminate/Container/Util.php(41): Illuminate\\Container\\BoundMethod::{closure:Illuminate\\Container\\BoundMethod::call():35}()
#9 /var/www/my-laravel-app/vendor/laravel/framework/src/Illuminate/Container/BoundMethod.php(93): Illuminate\\Container\\Util::unwrapIfClosure()
#10 /var/www/my-laravel-app/vendor/laravel/framework/src/Illuminate/Container/BoundMethod.php(35): Illuminate\\Container\\BoundMethod::callBoundMethod()
#11 /var/www/my-laravel-app/vendor/laravel/framework/src/Illuminate/Container/Container.php(662): Illuminate\\Container\\BoundMethod::call()
#12 /var/www/my-laravel-app/vendor/laravel/framework/src/Illuminate/Console/Command.php(211): Illuminate\\Container\\Container->call()
#13 /var/www/my-laravel-app/vendor/symfony/console/Command/Command.php(326): Illuminate\\Console\\Command->execute()
#14 /var/www/my-laravel-app/vendor/laravel/framework/src/Illuminate/Console/Command.php(180): Symfony\\Component\\Console\\Command\\Command->run()
#15 /var/www/my-laravel-app/vendor/symfony/console/Application.php(1121): Illuminate\\Console\\Command->run()
#16 /var/www/my-laravel-app/vendor/symfony/console/Application.php(324): Symfony\\Component\\Console\\Application->doRunCommand()
#17 /var/www/my-laravel-app/vendor/symfony/console/Application.php(175): Symfony\\Component\\Console\\Application->doRun()
#18 /var/www/my-laravel-app/vendor/laravel/framework/src/Illuminate/Foundation/Console/Kernel.php(201): Symfony\\Component\\Console\\Application->run()
#19 /var/www/my-laravel-app/artisan(35): Illuminate\\Foundation\\Console\\Kernel->handle()
#20 {main}
"} 
[2026-08-30 09:53:29] local.ERROR: SQLSTATE[23000]: Integrity constraint violation: 1048 Column 'user_id' cannot be null (Connection: mysql, SQL: insert into `inspections` (`id`, `user_id`, `title`, `clientname`, `cus_no`, `cus_email`, `inspection_date`, `address`, `state`, `type`, `img`, `layout_img`, `created_at`, `updated_at`) values (7, ?, rumah nadhrawwwreee, ?, ?, ?, 2026-03-19, jalan kuantan, kajang , kajang, 43000, Melaka, Electrical, inspections/proj_1773946292_2018070212-Ita-Kamil-Homestay-1-IMG_5325.JPG, inspections/lay_1773946292_layoutplan.png, 2026-03-19 18:51:32, 2026-08-30 09:53:29)) {"exception":"[object] (Illuminate\\Database\\QueryException(code: 23000): SQLSTATE[23000]: Integrity constraint violation: 1048 Column 'user_id' cannot be null (Connection: mysql, SQL: insert into `inspections` (`id`, `user_id`, `title`, `clientname`, `cus_no`, `cus_email`, `inspection_date`, `address`, `state`, `type`, `img`, `layout_img`, `created_at`, `updated_at`) values (7, ?, rumah nadhrawwwreee, ?, ?, ?, 2026-03-19, jalan kuantan, kajang , kajang, 43000, Melaka, Electrical, inspections/proj_1773946292_2018070212-Ita-Kamil-Homestay-1-IMG_5325.JPG, inspections/lay_1773946292_layoutplan.png, 2026-03-19 18:51:32, 2026-08-30 09:53:29)) at /var/www/my-laravel-app/vendor/laravel/framework/src/Illuminate/Database/Connection.php:829)
[stacktrace]
#0 /var/www/my-laravel-app/vendor/laravel/framework/src/Illuminate/Database/Connection.php(783): Illuminate\\Database\\Connection->runQueryCallback()
#1 /var/www/my-laravel-app/vendor/laravel/framework/src/Illuminate/Database/MySqlConnection.php(34): Illuminate\\Database\\Connection->run()
#2 /var/www/my-laravel-app/vendor/laravel/framework/src/Illuminate/Database/Query/Builder.php(3498): Illuminate\\Database\\MySqlConnection->insert()
#3 /var/www/my-laravel-app/app/Console/Commands/MigrateLegacyData.php(97): Illuminate\\Database\\Query\\Builder->insert()
#4 /var/www/my-laravel-app/app/Console/Commands/MigrateLegacyData.php(20): App\\Console\\Commands\\MigrateLegacyData->migrateInspections()
#5 /var/www/my-laravel-app/vendor/laravel/framework/src/Illuminate/Container/BoundMethod.php(36): App\\Console\\Commands\\MigrateLegacyData->handle()
#6 /var/www/my-laravel-app/vendor/laravel/framework/src/Illuminate/Container/Util.php(41): Illuminate\\Container\\BoundMethod::{closure:Illuminate\\Container\\BoundMethod::call():35}()
#7 /var/www/my-laravel-app/vendor/laravel/framework/src/Illuminate/Container/BoundMethod.php(93): Illuminate\\Container\\Util::unwrapIfClosure()
#8 /var/www/my-laravel-app/vendor/laravel/framework/src/Illuminate/Container/BoundMethod.php(35): Illuminate\\Container\\BoundMethod::callBoundMethod()
#9 /var/www/my-laravel-app/vendor/laravel/framework/src/Illuminate/Container/Container.php(662): Illuminate\\Container\\BoundMethod::call()
#10 /var/www/my-laravel-app/vendor/laravel/framework/src/Illuminate/Console/Command.php(211): Illuminate\\Container\\Container->call()
#11 /var/www/my-laravel-app/vendor/symfony/console/Command/Command.php(326): Illuminate\\Console\\Command->execute()
#12 /var/www/my-laravel-app/vendor/laravel/framework/src/Illuminate/Console/Command.php(180): Symfony\\Component\\Console\\Command\\Command->run()
#13 /var/www/my-laravel-app/vendor/symfony/console/Application.php(1121): Illuminate\\Console\\Command->run()
#14 /var/www/my-laravel-app/vendor/symfony/console/Application.php(324): Symfony\\Component\\Console\\Application->doRunCommand()
#15 /var/www/my-laravel-app/vendor/symfony/console/Application.php(175): Symfony\\Component\\Console\\Application->doRun()
#16 /var/www/my-laravel-app/vendor/laravel/framework/src/Illuminate/Foundation/Console/Kernel.php(201): Symfony\\Component\\Console\\Application->run()
#17 /var/www/my-laravel-app/artisan(35): Illuminate\\Foundation\\Console\\Kernel->handle()
#18 {main}

[previous exception] [object] (PDOException(code: 23000): SQLSTATE[23000]: Integrity constraint violation: 1048 Column 'user_id' cannot be null at /var/www/my-laravel-app/vendor/laravel/framework/src/Illuminate/Database/MySqlConnection.php:45)
[stacktrace]
#0 /var/www/my-laravel-app/vendor/laravel/framework/src/Illuminate/Database/MySqlConnection.php(45): PDOStatement->execute()
#1 /var/www/my-laravel-app/vendor/laravel/framework/src/Illuminate/Database/Connection.php(816): Illuminate\\Database\\MySqlConnection->{closure:Illuminate\\Database\\MySqlConnection::insert():34}()
#2 /var/www/my-laravel-app/vendor/laravel/framework/src/Illuminate/Database/Connection.php(783): Illuminate\\Database\\Connection->runQueryCallback()
#3 /var/www/my-laravel-app/vendor/laravel/framework/src/Illuminate/Database/MySqlConnection.php(34): Illuminate\\Database\\Connection->run()
#4 /var/www/my-laravel-app/vendor/laravel/framework/src/Illuminate/Database/Query/Builder.php(3498): Illuminate\\Database\\MySqlConnection->insert()
#5 /var/www/my-laravel-app/app/Console/Commands/MigrateLegacyData.php(97): Illuminate\\Database\\Query\\Builder->insert()
#6 /var/www/my-laravel-app/app/Console/Commands/MigrateLegacyData.php(20): App\\Console\\Commands\\MigrateLegacyData->migrateInspections()
#7 /var/www/my-laravel-app/vendor/laravel/framework/src/Illuminate/Container/BoundMethod.php(36): App\\Console\\Commands\\MigrateLegacyData->handle()
#8 /var/www/my-laravel-app/vendor/laravel/framework/src/Illuminate/Container/Util.php(41): Illuminate\\Container\\BoundMethod::{closure:Illuminate\\Container\\BoundMethod::call():35}()
#9 /var/www/my-laravel-app/vendor/laravel/framework/src/Illuminate/Container/BoundMethod.php(93): Illuminate\\Container\\Util::unwrapIfClosure()
#10 /var/www/my-laravel-app/vendor/laravel/framework/src/Illuminate/Container/BoundMethod.php(35): Illuminate\\Container\\BoundMethod::callBoundMethod()
#11 /var/www/my-laravel-app/vendor/laravel/framework/src/Illuminate/Container/Container.php(662): Illuminate\\Container\\BoundMethod::call()
#12 /var/www/my-laravel-app/vendor/laravel/framework/src/Illuminate/Console/Command.php(211): Illuminate\\Container\\Container->call()
#13 /var/www/my-laravel-app/vendor/symfony/console/Command/Command.php(326): Illuminate\\Console\\Command->execute()
#14 /var/www/my-laravel-app/vendor/laravel/framework/src/Illuminate/Console/Command.php(180): Symfony\\Component\\Console\\Command\\Command->run()
#15 /var/www/my-laravel-app/vendor/symfony/console/Application.php(1121): Illuminate\\Console\\Command->run()
#16 /var/www/my-laravel-app/vendor/symfony/console/Application.php(324): Symfony\\Component\\Console\\Application->doRunCommand()
#17 /var/www/my-laravel-app/vendor/symfony/console/Application.php(175): Symfony\\Component\\Console\\Application->doRun()
#18 /var/www/my-laravel-app/vendor/laravel/framework/src/Illuminate/Foundation/Console/Kernel.php(201): Symfony\\Component\\Console\\Application->run()
#19 /var/www/my-laravel-app/artisan(35): Illuminate\\Foundation\\Console\\Kernel->handle()
#20 {main}
"} 
[2026-08-30 12:22:59] local.ERROR: Allowed memory size of 134217728 bytes exhausted (tried to allocate 39857672 bytes) {"userId":1,"exception":"[object] (Symfony\\Component\\ErrorHandler\\Error\\FatalError(code: 0): Allowed memory size of 134217728 bytes exhausted (tried to allocate 39857672 bytes) at /var/www/my-laravel-app/vendor/dompdf/dompdf/lib/Cpdf.php:3512)
[stacktrace]
#0 {main}
"} 
[2026-08-30 12:57:10] local.ERROR: Allowed memory size of 134217728 bytes exhausted (tried to allocate 23234912 bytes) {"userId":1,"exception":"[object] (Symfony\\Component\\ErrorHandler\\Error\\FatalError(code: 0): Allowed memory size of 134217728 bytes exhausted (tried to allocate 23234912 bytes) at /var/www/my-laravel-app/vendor/dompdf/dompdf/lib/Cpdf.php:3512)
[stacktrace]
#0 {main}
"} 
[2026-08-30 13:08:29] local.ERROR: Allowed memory size of 134217728 bytes exhausted (tried to allocate 23234912 bytes) {"userId":1,"exception":"[object] (Symfony\\Component\\ErrorHandler\\Error\\FatalError(code: 0): Allowed memory size of 134217728 bytes exhausted (tried to allocate 23234912 bytes) at /var/www/my-laravel-app/vendor/dompdf/dompdf/lib/Cpdf.php:3512)
[stacktrace]
#0 {main}
"} 
[2026-08-30 13:10:28] local.ERROR: The filename and the fallback cannot contain the "/" and "\" characters. {"userId":1,"exception":"[object] (InvalidArgumentException(code: 0): The filename and the fallback cannot contain the \"/\" and \"\\\" characters. at /var/www/my-laravel-app/vendor/symfony/http-foundation/HeaderUtils.php:187)
[stacktrace]
#0 /var/www/my-laravel-app/vendor/barryvdh/laravel-dompdf/src/PDF.php(219): Symfony\\Component\\HttpFoundation\\HeaderUtils::makeDisposition()
#1 /var/www/my-laravel-app/app/Http/Controllers/InspectionController.php(293): Barryvdh\\DomPDF\\PDF->download()
#2 /var/www/my-laravel-app/vendor/laravel/framework/src/Illuminate/Routing/Controller.php(54): App\\Http\\Controllers\\InspectionController->downloadPDF()
#3 /var/www/my-laravel-app/vendor/laravel/framework/src/Illuminate/Routing/ControllerDispatcher.php(43): Illuminate\\Routing\\Controller->callAction()
#4 /var/www/my-laravel-app/vendor/laravel/framework/src/Illuminate/Routing/Route.php(259): Illuminate\\Routing\\ControllerDispatcher->dispatch()
#5 /var/www/my-laravel-app/vendor/laravel/framework/src/Illuminate/Routing/Route.php(205): Illuminate\\Routing\\Route->runController()
#6 /var/www/my-laravel-app/vendor/laravel/framework/src/Illuminate/Routing/Router.php(806): Illuminate\\Routing\\Route->run()
#7 /var/www/my-laravel-app/vendor/laravel/framework/src/Illuminate/Pipeline/Pipeline.php(144): Illuminate\\Routing\\Router->{closure:Illuminate\\Routing\\Router::runRouteWithinStack():805}()
#8 /var/www/my-laravel-app/vendor/laravel/framework/src/Illuminate/Routing/Middleware/SubstituteBindings.php(50): Illuminate\\Pipeline\\Pipeline->{closure:Illuminate\\Pipeline\\Pipeline::prepareDestination():142}()
#9 /var/www/my-laravel-app/vendor/laravel/framework/src/Illuminate/Pipeline/Pipeline.php(183): Illuminate\\Routing\\Middleware\\SubstituteBindings->handle()
#10 /var/www/my-laravel-app/vendor/laravel/framework/src/Illuminate/Auth/Middleware/Authenticate.php(57): Illuminate\\Pipeline\\Pipeline->{closure:{closure:Illuminate\\Pipeline\\Pipeline::carry():158}:159}()
#11 /var/www/my-laravel-app/vendor/laravel/framework/src/Illuminate/Pipeline/Pipeline.php(183): Illuminate\\Auth\\Middleware\\Authenticate->handle()
#12 /var/www/my-laravel-app/vendor/laravel/framework/src/Illuminate/Foundation/Http/Middleware/VerifyCsrfToken.php(78): Illuminate\\Pipeline\\Pipeline->{closure:{closure:Illuminate\\Pipeline\\Pipeline::carry():158}:159}()
#13 /var/www/my-laravel-app/vendor/laravel/framework/src/Illuminate/Pipeline/Pipeline.php(183): Illuminate\\Foundation\\Http\\Middleware\\VerifyCsrfToken->handle()
#14 /var/www/my-laravel-app/vendor/laravel/framework/src/Illuminate/View/Middleware/ShareErrorsFromSession.php(49): Illuminate\\Pipeline\\Pipeline->{closure:{closure:Illuminate\\Pipeline\\Pipeline::carry():158}:159}()
#15 /var/www/my-laravel-app/vendor/laravel/framework/src/Illuminate/Pipeline/Pipeline.php(183): Illuminate\\View\\Middleware\\ShareErrorsFromSession->handle()
#16 /var/www/my-laravel-app/vendor/laravel/framework/src/Illuminate/Session/Middleware/StartSession.php(121): Illuminate\\Pipeline\\Pipeline->{closure:{closure:Illuminate\\Pipeline\\Pipeline::carry():158}:159}()
#17 /var/www/my-laravel-app/vendor/laravel/framework/src/Illuminate/Session/Middleware/StartSession.php(64): Illuminate\\Session\\Middleware\\StartSession->handleStatefulRequest()
#18 /var/www/my-laravel-app/vendor/laravel/framework/src/Illuminate/Pipeline/Pipeline.php(183): Illuminate\\Session\\Middleware\\StartSession->handle()
#19 /var/www/my-laravel-app/vendor/laravel/framework/src/Illuminate/Cookie/Middleware/AddQueuedCookiesToResponse.php(37): Illuminate\\Pipeline\\Pipeline->{closure:{closure:Illuminate\\Pipeline\\Pipeline::carry():158}:159}()
#20 /var/www/my-laravel-app/vendor/laravel/framework/src/Illuminate/Pipeline/Pipeline.php(183): Illuminate\\Cookie\\Middleware\\AddQueuedCookiesToResponse->handle()
#21 /var/www/my-laravel-app/vendor/laravel/framework/src/Illuminate/Cookie/Middleware/EncryptCookies.php(67): Illuminate\\Pipeline\\Pipeline->{closure:{closure:Illuminate\\Pipeline\\Pipeline::carry():158}:159}()
#22 /var/www/my-laravel-app/vendor/laravel/framework/src/Illuminate/Pipeline/Pipeline.php(183): Illuminate\\Cookie\\Middleware\\EncryptCookies->handle()
#23 /var/www/my-laravel-app/vendor/laravel/framework/src/Illuminate/Pipeline/Pipeline.php(119): Illuminate\\Pipeline\\Pipeline->{closure:{closure:Illuminate\\Pipeline\\Pipeline::carry():158}:159}()
#24 /var/www/my-laravel-app/vendor/laravel/framework/src/Illuminate/Routing/Router.php(805): Illuminate\\Pipeline\\Pipeline->then()
#25 /var/www/my-laravel-app/vendor/laravel/framework/src/Illuminate/Routing/Router.php(784): Illuminate\\Routing\\Router->runRouteWithinStack()
#26 /var/www/my-laravel-app/vendor/laravel/framework/src/Illuminate/Routing/Router.php(748): Illuminate\\Routing\\Router->runRoute()
#27 /var/www/my-laravel-app/vendor/laravel/framework/src/Illuminate/Routing/Router.php(737): Illuminate\\Routing\\Router->dispatchToRoute()
#28 /var/www/my-laravel-app/vendor/laravel/framework/src/Illuminate/Foundation/Http/Kernel.php(200): Illuminate\\Routing\\Router->dispatch()
#29 /var/www/my-laravel-app/vendor/laravel/framework/src/Illuminate/Pipeline/Pipeline.php(144): Illuminate\\Foundation\\Http\\Kernel->{closure:Illuminate\\Foundation\\Http\\Kernel::dispatchToRouter():197}()
#30 /var/www/my-laravel-app/vendor/livewire/livewire/src/Features/SupportDisablingBackButtonCache/DisableBackButtonCacheMiddleware.php(19): Illuminate\\Pipeline\\Pipeline->{closure:Illuminate\\Pipeline\\Pipeline::prepareDestination():142}()
#31 /var/www/my-laravel-app/vendor/laravel/framework/src/Illuminate/Pipeline/Pipeline.php(183): Livewire\\Features\\SupportDisablingBackButtonCache\\DisableBackButtonCacheMiddleware->handle()
#32 /var/www/my-laravel-app/vendor/laravel/framework/src/Illuminate/Foundation/Http/Middleware/TransformsRequest.php(21): Illuminate\\Pipeline\\Pipeline->{closure:{closure:Illuminate\\Pipeline\\Pipeline::carry():158}:159}()
#33 /var/www/my-laravel-app/vendor/laravel/framework/src/Illuminate/Foundation/Http/Middleware/ConvertEmptyStringsToNull.php(31): Illuminate\\Foundation\\Http\\Middleware\\TransformsRequest->handle()
#34 /var/www/my-laravel-app/vendor/laravel/framework/src/Illuminate/Pipeline/Pipeline.php(183): Illuminate\\Foundation\\Http\\Middleware\\ConvertEmptyStringsToNull->handle()
#35 /var/www/my-laravel-app/vendor/laravel/framework/src/Illuminate/Foundation/Http/Middleware/TransformsRequest.php(21): Illuminate\\Pipeline\\Pipeline->{closure:{closure:Illuminate\\Pipeline\\Pipeline::carry():158}:159}()
#36 /var/www/my-laravel-app/vendor/laravel/framework/src/Illuminate/Foundation/Http/Middleware/TrimStrings.php(40): Illuminate\\Foundation\\Http\\Middleware\\TransformsRequest->handle()
#37 /var/www/my-laravel-app/vendor/laravel/framework/src/Illuminate/Pipeline/Pipeline.php(183): Illuminate\\Foundation\\Http\\Middleware\\TrimStrings->handle()
#38 /var/www/my-laravel-app/vendor/laravel/framework/src/Illuminate/Foundation/Http/Middleware/ValidatePostSize.php(27): Illuminate\\Pipeline\\Pipeline->{closure:{closure:Illuminate\\Pipeline\\Pipeline::carry():158}:159}()
#39 /var/www/my-laravel-app/vendor/laravel/framework/src/Illuminate/Pipeline/Pipeline.php(183): Illuminate\\Foundation\\Http\\Middleware\\ValidatePostSize->handle()
#40 /var/www/my-laravel-app/vendor/laravel/framework/src/Illuminate/Foundation/Http/Middleware/PreventRequestsDuringMaintenance.php(99): Illuminate\\Pipeline\\Pipeline->{closure:{closure:Illuminate\\Pipeline\\Pipeline::carry():158}:159}()
#41 /var/www/my-laravel-app/vendor/laravel/framework/src/Illuminate/Pipeline/Pipeline.php(183): Illuminate\\Foundation\\Http\\Middleware\\PreventRequestsDuringMaintenance->handle()
#42 /var/www/my-laravel-app/vendor/laravel/framework/src/Illuminate/Http/Middleware/HandleCors.php(49): Illuminate\\Pipeline\\Pipeline->{closure:{closure:Illuminate\\Pipeline\\Pipeline::carry():158}:159}()
#43 /var/www/my-laravel-app/vendor/laravel/framework/src/Illuminate/Pipeline/Pipeline.php(183): Illuminate\\Http\\Middleware\\HandleCors->handle()
#44 /var/www/my-laravel-app/vendor/laravel/framework/src/Illuminate/Http/Middleware/TrustProxies.php(39): Illuminate\\Pipeline\\Pipeline->{closure:{closure:Illuminate\\Pipeline\\Pipeline::carry():158}:159}()
#45 /var/www/my-laravel-app/vendor/laravel/framework/src/Illuminate/Pipeline/Pipeline.php(183): Illuminate\\Http\\Middleware\\TrustProxies->handle()
#46 /var/www/my-laravel-app/vendor/laravel/framework/src/Illuminate/Pipeline/Pipeline.php(119): Illuminate\\Pipeline\\Pipeline->{closure:{closure:Illuminate\\Pipeline\\Pipeline::carry():158}:159}()
#47 /var/www/my-laravel-app/vendor/laravel/framework/src/Illuminate/Foundation/Http/Kernel.php(175): Illuminate\\Pipeline\\Pipeline->then()
#48 /var/www/my-laravel-app/vendor/laravel/framework/src/Illuminate/Foundation/Http/Kernel.php(144): Illuminate\\Foundation\\Http\\Kernel->sendRequestThroughRouter()
#49 /var/www/my-laravel-app/public/index.php(51): Illuminate\\Foundation\\Http\\Kernel->handle()
#50 {main}
"} 
[2026-08-30 14:05:32] local.INFO: PDF Generation Time (Inspection ID: 490): 56.35 seconds.  
